path,Emotion,actor,clip_id,split
D:\projects\aiml\data\ravdess\raw\Actor_01\03-01-01-01-01-01-01.wav,neutral,1,03-01-01-01-01-01-01,train
D:\projects\aiml\data\ravdess\raw\Actor_01\03-01-01-01-01-02-01.wav,neutral,1,03-01-01-01-01-02-01,train
D:\projects\aiml\data\ravdess\raw\Actor_01\03-01-01-01-02-01-01.wav,neutral,1,03-01-01-01-02-01-01,train
D:\projects\aiml\data\ravdess\raw\Actor_01\03-01-01-01-02-02-01.wav,neutral,1,03-01-01-01-02-02-01,train
D:\projects\aiml\data\ravdess\raw\Actor_01\03-01-02-01-01-01-01.wav,neutral,1,03-01-02-01-01-01-01,train
D:\projects\aiml\data\ravdess\raw\Actor_01\03-01-02-01-01-02-01.wav,neutral,1,03-01-02-01-01-02-01,train
D:\projects\aiml\data\ravdess\raw\Actor_01\03-01-02-01-02-01-01.wav,neutral,1,03-01-02-01-02-01-01,train
D:\projects\aiml\data\ravdess\raw\Actor_01\03-01-02-01-02-02-01.wav,neutral,1,03-01-02-01-02-02-01,train
D:\projects\aiml\data\ravdess\raw\Actor_01\03-01-02-02-01-01-01.wav,neutral,1,03-01-02-02-01-01-01,train
D:\projects\aiml\data\ravdess\raw\Actor_01\03-01-02-02-01-02-01.wav,neutral,1,03-01-02-02-01-02-01,train
D:\projects\aiml\data\ravdess\raw\Actor_01\03-01-02-02-02-01-01.wav,neutral,1,03-01-02-02-02-01-01,train
D:\projects\aiml\data\ravdess\raw\Actor_01\03-01-02-02-02-02-01.wav,neutral,1,03-01-02-02-02-02-01,train
D:\projects\aiml\data\ravdess\raw\Actor_01\03-01-03-01-01-01-01.wav,joy,1,03-01-03-01-01-01-01,train
D:\projects\aiml\data\ravdess\raw\Actor_01\03-01-03-01-01-02-01.wav,joy,1,03-01-03-01-01-02-01,train
D:\projects\aiml\data\ravdess\raw\Actor_01\03-01-03-01-02-01-01.wav,joy,1,03-01-03-01-02-01-01,train
D:\projects\aiml\data\ravdess\raw\Actor_01\03-01-03-01-02-02-01.wav,joy,1,03-01-03-01-02-02-01,train
D:\projects\aiml\data\ravdess\raw\Actor_01\03-01-03-02-01-01-01.wav,joy,1,03-01-03-02-01-01-01,train
D:\projects\aiml\data\ravdess\raw\Actor_01\03-01-03-02-01-02-01.wav,joy,1,03-01-03-02-01-02-01,train
D:\projects\aiml\data\ravdess\raw\Actor_01\03-01-03-02-02-01-01.wav,joy,1,03-01-03-02-02-01-01,train
D:\projects\aiml\data\ravdess\raw\Actor_01\03-01-03-02-02-02-01.wav,joy,1,03-01-03-02-02-02-01,train
D:\projects\aiml\data\ravdess\raw\Actor_01\03-01-04-01-01-01-01.wav,sadness,1,03-01-04-01-01-01-01,train
D:\projects\aiml\data\ravdess\raw\Actor_01\03-01-04-01-01-02-01.wav,sadness,1,03-01-04-01-01-02-01,train
D:\projects\aiml\data\ravdess\raw\Actor_01\03-01-04-01-02-01-01.wav,sadness,1,03-01-04-01-02-01-01,train
D:\projects\aiml\data\ravdess\raw\Actor_01\03-01-04-01-02-02-01.wav,sadness,1,03-01-04-01-02-02-01,train
D:\projects\aiml\data\ravdess\raw\Actor_01\03-01-04-02-01-01-01.wav,sadness,1,03-01-04-02-01-01-01,train
D:\projects\aiml\data\ravdess\raw\Actor_01\03-01-04-02-01-02-01.wav,sadness,1,03-01-04-02-01-02-01,train
D:\projects\aiml\data\ravdess\raw\Actor_01\03-01-04-02-02-01-01.wav,sadness,1,03-01-04-02-02-01-01,train
D:\projects\aiml\data\ravdess\raw\Actor_01\03-01-04-02-02-02-01.wav,sadness,1,03-01-04-02-02-02-01,train
D:\projects\aiml\data\ravdess\raw\Actor_01\03-01-05-01-01-01-01.wav,anger,1,03-01-05-01-01-01-01,train
D:\projects\aiml\data\ravdess\raw\Actor_01\03-01-05-01-01-02-01.wav,anger,1,03-01-05-01-01-02-01,train
D:\projects\aiml\data\ravdess\raw\Actor_01\03-01-05-01-02-01-01.wav,anger,1,03-01-05-01-02-01-01,train
D:\projects\aiml\data\ravdess\raw\Actor_01\03-01-05-01-02-02-01.wav,anger,1,03-01-05-01-02-02-01,train
D:\projects\aiml\data\ravdess\raw\Actor_01\03-01-05-02-01-01-01.wav,anger,1,03-01-05-02-01-01-01,train
D:\projects\aiml\data\ravdess\raw\Actor_01\03-01-05-02-01-02-01.wav,anger,1,03-01-05-02-01-02-01,train
D:\projects\aiml\data\ravdess\raw\Actor_01\03-01-05-02-02-01-01.wav,anger,1,03-01-05-02-02-01-01,train
D:\projects\aiml\data\ravdess\raw\Actor_01\03-01-05-02-02-02-01.wav,anger,1,03-01-05-02-02-02-01,train
D:\projects\aiml\data\ravdess\raw\Actor_01\03-01-06-01-01-01-01.wav,fear,1,03-01-06-01-01-01-01,train
D:\projects\aiml\data\ravdess\raw\Actor_01\03-01-06-01-01-02-01.wav,fear,1,03-01-06-01-01-02-01,train
D:\projects\aiml\data\ravdess\raw\Actor_01\03-01-06-01-02-01-01.wav,fear,1,03-01-06-01-02-01-01,train
D:\projects\aiml\data\ravdess\raw\Actor_01\03-01-06-01-02-02-01.wav,fear,1,03-01-06-01-02-02-01,train
D:\projects\aiml\data\ravdess\raw\Actor_01\03-01-06-02-01-01-01.wav,fear,1,03-01-06-02-01-01-01,train
D:\projects\aiml\data\ravdess\raw\Actor_01\03-01-06-02-01-02-01.wav,fear,1,03-01-06-02-01-02-01,train
D:\projects\aiml\data\ravdess\raw\Actor_01\03-01-06-02-02-01-01.wav,fear,1,03-01-06-02-02-01-01,train
D:\projects\aiml\data\ravdess\raw\Actor_01\03-01-06-02-02-02-01.wav,fear,1,03-01-06-02-02-02-01,train
D:\projects\aiml\data\ravdess\raw\Actor_01\03-01-07-01-01-01-01.wav,disgust,1,03-01-07-01-01-01-01,train
D:\projects\aiml\data\ravdess\raw\Actor_01\03-01-07-01-01-02-01.wav,disgust,1,03-01-07-01-01-02-01,train
D:\projects\aiml\data\ravdess\raw\Actor_01\03-01-07-01-02-01-01.wav,disgust,1,03-01-07-01-02-01-01,train
D:\projects\aiml\data\ravdess\raw\Actor_01\03-01-07-01-02-02-01.wav,disgust,1,03-01-07-01-02-02-01,train
D:\projects\aiml\data\ravdess\raw\Actor_01\03-01-07-02-01-01-01.wav,disgust,1,03-01-07-02-01-01-01,train
D:\projects\aiml\data\ravdess\raw\Actor_01\03-01-07-02-01-02-01.wav,disgust,1,03-01-07-02-01-02-01,train
D:\projects\aiml\data\ravdess\raw\Actor_01\03-01-07-02-02-01-01.wav,disgust,1,03-01-07-02-02-01-01,train
D:\projects\aiml\data\ravdess\raw\Actor_01\03-01-07-02-02-02-01.wav,disgust,1,03-01-07-02-02-02-01,train
D:\projects\aiml\data\ravdess\raw\Actor_01\03-01-08-01-01-01-01.wav,surprise,1,03-01-08-01-01-01-01,train
D:\projects\aiml\data\ravdess\raw\Actor_01\03-01-08-01-01-02-01.wav,surprise,1,03-01-08-01-01-02-01,train
D:\projects\aiml\data\ravdess\raw\Actor_01\03-01-08-01-02-01-01.wav,surprise,1,03-01-08-01-02-01-01,train
D:\projects\aiml\data\ravdess\raw\Actor_01\03-01-08-01-02-02-01.wav,surprise,1,03-01-08-01-02-02-01,train
D:\projects\aiml\data\ravdess\raw\Actor_01\03-01-08-02-01-01-01.wav,surprise,1,03-01-08-02-01-01-01,train
D:\projects\aiml\data\ravdess\raw\Actor_01\03-01-08-02-01-02-01.wav,surprise,1,03-01-08-02-01-02-01,train
D:\projects\aiml\data\ravdess\raw\Actor_01\03-01-08-02-02-01-01.wav,surprise,1,03-01-08-02-02-01-01,train
D:\projects\aiml\data\ravdess\raw\Actor_01\03-01-08-02-02-02-01.wav,surprise,1,03-01-08-02-02-02-01,train
D:\projects\aiml\data\ravdess\raw\Actor_02\03-01-01-01-01-01-02.wav,neutral,2,03-01-01-01-01-01-02,train
D:\projects\aiml\data\ravdess\raw\Actor_02\03-01-01-01-01-02-02.wav,neutral,2,03-01-01-01-01-02-02,train
D:\projects\aiml\data\ravdess\raw\Actor_02\03-01-01-01-02-01-02.wav,neutral,2,03-01-01-01-02-01-02,train
D:\projects\aiml\data\ravdess\raw\Actor_02\03-01-01-01-02-02-02.wav,neutral,2,03-01-01-01-02-02-02,train
D:\projects\aiml\data\ravdess\raw\Actor_02\03-01-02-01-01-01-02.wav,neutral,2,03-01-02-01-01-01-02,train
D:\projects\aiml\data\ravdess\raw\Actor_02\03-01-02-01-01-02-02.wav,neutral,2,03-01-02-01-01-02-02,train
D:\projects\aiml\data\ravdess\raw\Actor_02\03-01-02-01-02-01-02.wav,neutral,2,03-01-02-01-02-01-02,train
D:\projects\aiml\data\ravdess\raw\Actor_02\03-01-02-01-02-02-02.wav,neutral,2,03-01-02-01-02-02-02,train
D:\projects\aiml\data\ravdess\raw\Actor_02\03-01-02-02-01-01-02.wav,neutral,2,03-01-02-02-01-01-02,train
D:\projects\aiml\data\ravdess\raw\Actor_02\03-01-02-02-01-02-02.wav,neutral,2,03-01-02-02-01-02-02,train
D:\projects\aiml\data\ravdess\raw\Actor_02\03-01-02-02-02-01-02.wav,neutral,2,03-01-02-02-02-01-02,train
D:\projects\aiml\data\ravdess\raw\Actor_02\03-01-02-02-02-02-02.wav,neutral,2,03-01-02-02-02-02-02,train
D:\projects\aiml\data\ravdess\raw\Actor_02\03-01-03-01-01-01-02.wav,joy,2,03-01-03-01-01-01-02,train
D:\projects\aiml\data\ravdess\raw\Actor_02\03-01-03-01-01-02-02.wav,joy,2,03-01-03-01-01-02-02,train
D:\projects\aiml\data\ravdess\raw\Actor_02\03-01-03-01-02-01-02.wav,joy,2,03-01-03-01-02-01-02,train
D:\projects\aiml\data\ravdess\raw\Actor_02\03-01-03-01-02-02-02.wav,joy,2,03-01-03-01-02-02-02,train
D:\projects\aiml\data\ravdess\raw\Actor_02\03-01-03-02-01-01-02.wav,joy,2,03-01-03-02-01-01-02,train
D:\projects\aiml\data\ravdess\raw\Actor_02\03-01-03-02-01-02-02.wav,joy,2,03-01-03-02-01-02-02,train
D:\projects\aiml\data\ravdess\raw\Actor_02\03-01-03-02-02-01-02.wav,joy,2,03-01-03-02-02-01-02,train
D:\projects\aiml\data\ravdess\raw\Actor_02\03-01-03-02-02-02-02.wav,joy,2,03-01-03-02-02-02-02,train
D:\projects\aiml\data\ravdess\raw\Actor_02\03-01-04-01-01-01-02.wav,sadness,2,03-01-04-01-01-01-02,train
D:\projects\aiml\data\ravdess\raw\Actor_02\03-01-04-01-01-02-02.wav,sadness,2,03-01-04-01-01-02-02,train
D:\projects\aiml\data\ravdess\raw\Actor_02\03-01-04-01-02-01-02.wav,sadness,2,03-01-04-01-02-01-02,train
D:\projects\aiml\data\ravdess\raw\Actor_02\03-01-04-01-02-02-02.wav,sadness,2,03-01-04-01-02-02-02,train
D:\projects\aiml\data\ravdess\raw\Actor_02\03-01-04-02-01-01-02.wav,sadness,2,03-01-04-02-01-01-02,train
D:\projects\aiml\data\ravdess\raw\Actor_02\03-01-04-02-01-02-02.wav,sadness,2,03-01-04-02-01-02-02,train
D:\projects\aiml\data\ravdess\raw\Actor_02\03-01-04-02-02-01-02.wav,sadness,2,03-01-04-02-02-01-02,train
D:\projects\aiml\data\ravdess\raw\Actor_02\03-01-04-02-02-02-02.wav,sadness,2,03-01-04-02-02-02-02,train
D:\projects\aiml\data\ravdess\raw\Actor_02\03-01-05-01-01-01-02.wav,anger,2,03-01-05-01-01-01-02,train
D:\projects\aiml\data\ravdess\raw\Actor_02\03-01-05-01-01-02-02.wav,anger,2,03-01-05-01-01-02-02,train
D:\projects\aiml\data\ravdess\raw\Actor_02\03-01-05-01-02-01-02.wav,anger,2,03-01-05-01-02-01-02,train
D:\projects\aiml\data\ravdess\raw\Actor_02\03-01-05-01-02-02-02.wav,anger,2,03-01-05-01-02-02-02,train
D:\projects\aiml\data\ravdess\raw\Actor_02\03-01-05-02-01-01-02.wav,anger,2,03-01-05-02-01-01-02,train
D:\projects\aiml\data\ravdess\raw\Actor_02\03-01-05-02-01-02-02.wav,anger,2,03-01-05-02-01-02-02,train
D:\projects\aiml\data\ravdess\raw\Actor_02\03-01-05-02-02-01-02.wav,anger,2,03-01-05-02-02-01-02,train
D:\projects\aiml\data\ravdess\raw\Actor_02\03-01-05-02-02-02-02.wav,anger,2,03-01-05-02-02-02-02,train
D:\projects\aiml\data\ravdess\raw\Actor_02\03-01-06-01-01-01-02.wav,fear,2,03-01-06-01-01-01-02,train
D:\projects\aiml\data\ravdess\raw\Actor_02\03-01-06-01-01-02-02.wav,fear,2,03-01-06-01-01-02-02,train
D:\projects\aiml\data\ravdess\raw\Actor_02\03-01-06-01-02-01-02.wav,fear,2,03-01-06-01-02-01-02,train
D:\projects\aiml\data\ravdess\raw\Actor_02\03-01-06-01-02-02-02.wav,fear,2,03-01-06-01-02-02-02,train
D:\projects\aiml\data\ravdess\raw\Actor_02\03-01-06-02-01-01-02.wav,fear,2,03-01-06-02-01-01-02,train
D:\projects\aiml\data\ravdess\raw\Actor_02\03-01-06-02-01-02-02.wav,fear,2,03-01-06-02-01-02-02,train
D:\projects\aiml\data\ravdess\raw\Actor_02\03-01-06-02-02-01-02.wav,fear,2,03-01-06-02-02-01-02,train
D:\projects\aiml\data\ravdess\raw\Actor_02\03-01-06-02-02-02-02.wav,fear,2,03-01-06-02-02-02-02,train
D:\projects\aiml\data\ravdess\raw\Actor_02\03-01-07-01-01-01-02.wav,disgust,2,03-01-07-01-01-01-02,train
D:\projects\aiml\data\ravdess\raw\Actor_02\03-01-07-01-01-02-02.wav,disgust,2,03-01-07-01-01-02-02,train
D:\projects\aiml\data\ravdess\raw\Actor_02\03-01-07-01-02-01-02.wav,disgust,2,03-01-07-01-02-01-02,train
D:\projects\aiml\data\ravdess\raw\Actor_02\03-01-07-01-02-02-02.wav,disgust,2,03-01-07-01-02-02-02,train
D:\projects\aiml\data\ravdess\raw\Actor_02\03-01-07-02-01-01-02.wav,disgust,2,03-01-07-02-01-01-02,train
D:\projects\aiml\data\ravdess\raw\Actor_02\03-01-07-02-01-02-02.wav,disgust,2,03-01-07-02-01-02-02,train
D:\projects\aiml\data\ravdess\raw\Actor_02\03-01-07-02-02-01-02.wav,disgust,2,03-01-07-02-02-01-02,train
D:\projects\aiml\data\ravdess\raw\Actor_02\03-01-07-02-02-02-02.wav,disgust,2,03-01-07-02-02-02-02,train
D:\projects\aiml\data\ravdess\raw\Actor_02\03-01-08-01-01-01-02.wav,surprise,2,03-01-08-01-01-01-02,train
D:\projects\aiml\data\ravdess\raw\Actor_02\03-01-08-01-01-02-02.wav,surprise,2,03-01-08-01-01-02-02,train
D:\projects\aiml\data\ravdess\raw\Actor_02\03-01-08-01-02-01-02.wav,surprise,2,03-01-08-01-02-01-02,train
D:\projects\aiml\data\ravdess\raw\Actor_02\03-01-08-01-02-02-02.wav,surprise,2,03-01-08-01-02-02-02,train
D:\projects\aiml\data\ravdess\raw\Actor_02\03-01-08-02-01-01-02.wav,surprise,2,03-01-08-02-01-01-02,train
D:\projects\aiml\data\ravdess\raw\Actor_02\03-01-08-02-01-02-02.wav,surprise,2,03-01-08-02-01-02-02,train
D:\projects\aiml\data\ravdess\raw\Actor_02\03-01-08-02-02-01-02.wav,surprise,2,03-01-08-02-02-01-02,train
D:\projects\aiml\data\ravdess\raw\Actor_02\03-01-08-02-02-02-02.wav,surprise,2,03-01-08-02-02-02-02,train
D:\projects\aiml\data\ravdess\raw\Actor_03\03-01-01-01-01-01-03.wav,neutral,3,03-01-01-01-01-01-03,train
D:\projects\aiml\data\ravdess\raw\Actor_03\03-01-01-01-01-02-03.wav,neutral,3,03-01-01-01-01-02-03,train
D:\projects\aiml\data\ravdess\raw\Actor_03\03-01-01-01-02-01-03.wav,neutral,3,03-01-01-01-02-01-03,train
D:\projects\aiml\data\ravdess\raw\Actor_03\03-01-01-01-02-02-03.wav,neutral,3,03-01-01-01-02-02-03,train
D:\projects\aiml\data\ravdess\raw\Actor_03\03-01-02-01-01-01-03.wav,neutral,3,03-01-02-01-01-01-03,train
D:\projects\aiml\data\ravdess\raw\Actor_03\03-01-02-01-01-02-03.wav,neutral,3,03-01-02-01-01-02-03,train
D:\projects\aiml\data\ravdess\raw\Actor_03\03-01-02-01-02-01-03.wav,neutral,3,03-01-02-01-02-01-03,train
D:\projects\aiml\data\ravdess\raw\Actor_03\03-01-02-01-02-02-03.wav,neutral,3,03-01-02-01-02-02-03,train
D:\projects\aiml\data\ravdess\raw\Actor_03\03-01-02-02-01-01-03.wav,neutral,3,03-01-02-02-01-01-03,train
D:\projects\aiml\data\ravdess\raw\Actor_03\03-01-02-02-01-02-03.wav,neutral,3,03-01-02-02-01-02-03,train
D:\projects\aiml\data\ravdess\raw\Actor_03\03-01-02-02-02-01-03.wav,neutral,3,03-01-02-02-02-01-03,train
D:\projects\aiml\data\ravdess\raw\Actor_03\03-01-02-02-02-02-03.wav,neutral,3,03-01-02-02-02-02-03,train
D:\projects\aiml\data\ravdess\raw\Actor_03\03-01-03-01-01-01-03.wav,joy,3,03-01-03-01-01-01-03,train
D:\projects\aiml\data\ravdess\raw\Actor_03\03-01-03-01-01-02-03.wav,joy,3,03-01-03-01-01-02-03,train
D:\projects\aiml\data\ravdess\raw\Actor_03\03-01-03-01-02-01-03.wav,joy,3,03-01-03-01-02-01-03,train
D:\projects\aiml\data\ravdess\raw\Actor_03\03-01-03-01-02-02-03.wav,joy,3,03-01-03-01-02-02-03,train
D:\projects\aiml\data\ravdess\raw\Actor_03\03-01-03-02-01-01-03.wav,joy,3,03-01-03-02-01-01-03,train
D:\projects\aiml\data\ravdess\raw\Actor_03\03-01-03-02-01-02-03.wav,joy,3,03-01-03-02-01-02-03,train
D:\projects\aiml\data\ravdess\raw\Actor_03\03-01-03-02-02-01-03.wav,joy,3,03-01-03-02-02-01-03,train
D:\projects\aiml\data\ravdess\raw\Actor_03\03-01-03-02-02-02-03.wav,joy,3,03-01-03-02-02-02-03,train
D:\projects\aiml\data\ravdess\raw\Actor_03\03-01-04-01-01-01-03.wav,sadness,3,03-01-04-01-01-01-03,train
D:\projects\aiml\data\ravdess\raw\Actor_03\03-01-04-01-01-02-03.wav,sadness,3,03-01-04-01-01-02-03,train
D:\projects\aiml\data\ravdess\raw\Actor_03\03-01-04-01-02-01-03.wav,sadness,3,03-01-04-01-02-01-03,train
D:\projects\aiml\data\ravdess\raw\Actor_03\03-01-04-01-02-02-03.wav,sadness,3,03-01-04-01-02-02-03,train
D:\projects\aiml\data\ravdess\raw\Actor_03\03-01-04-02-01-01-03.wav,sadness,3,03-01-04-02-01-01-03,train
D:\projects\aiml\data\ravdess\raw\Actor_03\03-01-04-02-01-02-03.wav,sadness,3,03-01-04-02-01-02-03,train
D:\projects\aiml\data\ravdess\raw\Actor_03\03-01-04-02-02-01-03.wav,sadness,3,03-01-04-02-02-01-03,train
D:\projects\aiml\data\ravdess\raw\Actor_03\03-01-04-02-02-02-03.wav,sadness,3,03-01-04-02-02-02-03,train
D:\projects\aiml\data\ravdess\raw\Actor_03\03-01-05-01-01-01-03.wav,anger,3,03-01-05-01-01-01-03,train
D:\projects\aiml\data\ravdess\raw\Actor_03\03-01-05-01-01-02-03.wav,anger,3,03-01-05-01-01-02-03,train
D:\projects\aiml\data\ravdess\raw\Actor_03\03-01-05-01-02-01-03.wav,anger,3,03-01-05-01-02-01-03,train
D:\projects\aiml\data\ravdess\raw\Actor_03\03-01-05-01-02-02-03.wav,anger,3,03-01-05-01-02-02-03,train
D:\projects\aiml\data\ravdess\raw\Actor_03\03-01-05-02-01-01-03.wav,anger,3,03-01-05-02-01-01-03,train
D:\projects\aiml\data\ravdess\raw\Actor_03\03-01-05-02-01-02-03.wav,anger,3,03-01-05-02-01-02-03,train
D:\projects\aiml\data\ravdess\raw\Actor_03\03-01-05-02-02-01-03.wav,anger,3,03-01-05-02-02-01-03,train
D:\projects\aiml\data\ravdess\raw\Actor_03\03-01-05-02-02-02-03.wav,anger,3,03-01-05-02-02-02-03,train
D:\projects\aiml\data\ravdess\raw\Actor_03\03-01-06-01-01-01-03.wav,fear,3,03-01-06-01-01-01-03,train
D:\projects\aiml\data\ravdess\raw\Actor_03\03-01-06-01-01-02-03.wav,fear,3,03-01-06-01-01-02-03,train
D:\projects\aiml\data\ravdess\raw\Actor_03\03-01-06-01-02-01-03.wav,fear,3,03-01-06-01-02-01-03,train
D:\projects\aiml\data\ravdess\raw\Actor_03\03-01-06-01-02-02-03.wav,fear,3,03-01-06-01-02-02-03,train
D:\projects\aiml\data\ravdess\raw\Actor_03\03-01-06-02-01-01-03.wav,fear,3,03-01-06-02-01-01-03,train
D:\projects\aiml\data\ravdess\raw\Actor_03\03-01-06-02-01-02-03.wav,fear,3,03-01-06-02-01-02-03,train
D:\projects\aiml\data\ravdess\raw\Actor_03\03-01-06-02-02-01-03.wav,fear,3,03-01-06-02-02-01-03,train
D:\projects\aiml\data\ravdess\raw\Actor_03\03-01-06-02-02-02-03.wav,fear,3,03-01-06-02-02-02-03,train
D:\projects\aiml\data\ravdess\raw\Actor_03\03-01-07-01-01-01-03.wav,disgust,3,03-01-07-01-01-01-03,train
D:\projects\aiml\data\ravdess\raw\Actor_03\03-01-07-01-01-02-03.wav,disgust,3,03-01-07-01-01-02-03,train
D:\projects\aiml\data\ravdess\raw\Actor_03\03-01-07-01-02-01-03.wav,disgust,3,03-01-07-01-02-01-03,train
D:\projects\aiml\data\ravdess\raw\Actor_03\03-01-07-01-02-02-03.wav,disgust,3,03-01-07-01-02-02-03,train
D:\projects\aiml\data\ravdess\raw\Actor_03\03-01-07-02-01-01-03.wav,disgust,3,03-01-07-02-01-01-03,train
D:\projects\aiml\data\ravdess\raw\Actor_03\03-01-07-02-01-02-03.wav,disgust,3,03-01-07-02-01-02-03,train
D:\projects\aiml\data\ravdess\raw\Actor_03\03-01-07-02-02-01-03.wav,disgust,3,03-01-07-02-02-01-03,train
D:\projects\aiml\data\ravdess\raw\Actor_03\03-01-07-02-02-02-03.wav,disgust,3,03-01-07-02-02-02-03,train
D:\projects\aiml\data\ravdess\raw\Actor_03\03-01-08-01-01-01-03.wav,surprise,3,03-01-08-01-01-01-03,train
D:\projects\aiml\data\ravdess\raw\Actor_03\03-01-08-01-01-02-03.wav,surprise,3,03-01-08-01-01-02-03,train
D:\projects\aiml\data\ravdess\raw\Actor_03\03-01-08-01-02-01-03.wav,surprise,3,03-01-08-01-02-01-03,train
D:\projects\aiml\data\ravdess\raw\Actor_03\03-01-08-01-02-02-03.wav,surprise,3,03-01-08-01-02-02-03,train
D:\projects\aiml\data\ravdess\raw\Actor_03\03-01-08-02-01-01-03.wav,surprise,3,03-01-08-02-01-01-03,train
D:\projects\aiml\data\ravdess\raw\Actor_03\03-01-08-02-01-02-03.wav,surprise,3,03-01-08-02-01-02-03,train
D:\projects\aiml\data\ravdess\raw\Actor_03\03-01-08-02-02-01-03.wav,surprise,3,03-01-08-02-02-01-03,train
D:\projects\aiml\data\ravdess\raw\Actor_03\03-01-08-02-02-02-03.wav,surprise,3,03-01-08-02-02-02-03,train
D:\projects\aiml\data\ravdess\raw\Actor_04\03-01-01-01-01-01-04.wav,neutral,4,03-01-01-01-01-01-04,train
D:\projects\aiml\data\ravdess\raw\Actor_04\03-01-01-01-01-02-04.wav,neutral,4,03-01-01-01-01-02-04,train
D:\projects\aiml\data\ravdess\raw\Actor_04\03-01-01-01-02-01-04.wav,neutral,4,03-01-01-01-02-01-04,train
D:\projects\aiml\data\ravdess\raw\Actor_04\03-01-01-01-02-02-04.wav,neutral,4,03-01-01-01-02-02-04,train
D:\projects\aiml\data\ravdess\raw\Actor_04\03-01-02-01-01-01-04.wav,neutral,4,03-01-02-01-01-01-04,train
D:\projects\aiml\data\ravdess\raw\Actor_04\03-01-02-01-01-02-04.wav,neutral,4,03-01-02-01-01-02-04,train
D:\projects\aiml\data\ravdess\raw\Actor_04\03-01-02-01-02-01-04.wav,neutral,4,03-01-02-01-02-01-04,train
D:\projects\aiml\data\ravdess\raw\Actor_04\03-01-02-01-02-02-04.wav,neutral,4,03-01-02-01-02-02-04,train
D:\projects\aiml\data\ravdess\raw\Actor_04\03-01-02-02-01-01-04.wav,neutral,4,03-01-02-02-01-01-04,train
D:\projects\aiml\data\ravdess\raw\Actor_04\03-01-02-02-01-02-04.wav,neutral,4,03-01-02-02-01-02-04,train
D:\projects\aiml\data\ravdess\raw\Actor_04\03-01-02-02-02-01-04.wav,neutral,4,03-01-02-02-02-01-04,train
D:\projects\aiml\data\ravdess\raw\Actor_04\03-01-02-02-02-02-04.wav,neutral,4,03-01-02-02-02-02-04,train
D:\projects\aiml\data\ravdess\raw\Actor_04\03-01-03-01-01-01-04.wav,joy,4,03-01-03-01-01-01-04,train
D:\projects\aiml\data\ravdess\raw\Actor_04\03-01-03-01-01-02-04.wav,joy,4,03-01-03-01-01-02-04,train
D:\projects\aiml\data\ravdess\raw\Actor_04\03-01-03-01-02-01-04.wav,joy,4,03-01-03-01-02-01-04,train
D:\projects\aiml\data\ravdess\raw\Actor_04\03-01-03-01-02-02-04.wav,joy,4,03-01-03-01-02-02-04,train
D:\projects\aiml\data\ravdess\raw\Actor_04\03-01-03-02-01-01-04.wav,joy,4,03-01-03-02-01-01-04,train
D:\projects\aiml\data\ravdess\raw\Actor_04\03-01-03-02-01-02-04.wav,joy,4,03-01-03-02-01-02-04,train
D:\projects\aiml\data\ravdess\raw\Actor_04\03-01-03-02-02-01-04.wav,joy,4,03-01-03-02-02-01-04,train
D:\projects\aiml\data\ravdess\raw\Actor_04\03-01-03-02-02-02-04.wav,joy,4,03-01-03-02-02-02-04,train
D:\projects\aiml\data\ravdess\raw\Actor_04\03-01-04-01-01-01-04.wav,sadness,4,03-01-04-01-01-01-04,train
D:\projects\aiml\data\ravdess\raw\Actor_04\03-01-04-01-01-02-04.wav,sadness,4,03-01-04-01-01-02-04,train
D:\projects\aiml\data\ravdess\raw\Actor_04\03-01-04-01-02-01-04.wav,sadness,4,03-01-04-01-02-01-04,train
D:\projects\aiml\data\ravdess\raw\Actor_04\03-01-04-01-02-02-04.wav,sadness,4,03-01-04-01-02-02-04,train
D:\projects\aiml\data\ravdess\raw\Actor_04\03-01-04-02-01-01-04.wav,sadness,4,03-01-04-02-01-01-04,train
D:\projects\aiml\data\ravdess\raw\Actor_04\03-01-04-02-01-02-04.wav,sadness,4,03-01-04-02-01-02-04,train
D:\projects\aiml\data\ravdess\raw\Actor_04\03-01-04-02-02-01-04.wav,sadness,4,03-01-04-02-02-01-04,train
D:\projects\aiml\data\ravdess\raw\Actor_04\03-01-04-02-02-02-04.wav,sadness,4,03-01-04-02-02-02-04,train
D:\projects\aiml\data\ravdess\raw\Actor_04\03-01-05-01-01-01-04.wav,anger,4,03-01-05-01-01-01-04,train
D:\projects\aiml\data\ravdess\raw\Actor_04\03-01-05-01-01-02-04.wav,anger,4,03-01-05-01-01-02-04,train
D:\projects\aiml\data\ravdess\raw\Actor_04\03-01-05-01-02-01-04.wav,anger,4,03-01-05-01-02-01-04,train
D:\projects\aiml\data\ravdess\raw\Actor_04\03-01-05-01-02-02-04.wav,anger,4,03-01-05-01-02-02-04,train
D:\projects\aiml\data\ravdess\raw\Actor_04\03-01-05-02-01-01-04.wav,anger,4,03-01-05-02-01-01-04,train
D:\projects\aiml\data\ravdess\raw\Actor_04\03-01-05-02-01-02-04.wav,anger,4,03-01-05-02-01-02-04,train
D:\projects\aiml\data\ravdess\raw\Actor_04\03-01-05-02-02-01-04.wav,anger,4,03-01-05-02-02-01-04,train
D:\projects\aiml\data\ravdess\raw\Actor_04\03-01-05-02-02-02-04.wav,anger,4,03-01-05-02-02-02-04,train
D:\projects\aiml\data\ravdess\raw\Actor_04\03-01-06-01-01-01-04.wav,fear,4,03-01-06-01-01-01-04,train
D:\projects\aiml\data\ravdess\raw\Actor_04\03-01-06-01-01-02-04.wav,fear,4,03-01-06-01-01-02-04,train
D:\projects\aiml\data\ravdess\raw\Actor_04\03-01-06-01-02-01-04.wav,fear,4,03-01-06-01-02-01-04,train
D:\projects\aiml\data\ravdess\raw\Actor_04\03-01-06-01-02-02-04.wav,fear,4,03-01-06-01-02-02-04,train
D:\projects\aiml\data\ravdess\raw\Actor_04\03-01-06-02-01-01-04.wav,fear,4,03-01-06-02-01-01-04,train
D:\projects\aiml\data\ravdess\raw\Actor_04\03-01-06-02-01-02-04.wav,fear,4,03-01-06-02-01-02-04,train
D:\projects\aiml\data\ravdess\raw\Actor_04\03-01-06-02-02-01-04.wav,fear,4,03-01-06-02-02-01-04,train
D:\projects\aiml\data\ravdess\raw\Actor_04\03-01-06-02-02-02-04.wav,fear,4,03-01-06-02-02-02-04,train
D:\projects\aiml\data\ravdess\raw\Actor_04\03-01-07-01-01-01-04.wav,disgust,4,03-01-07-01-01-01-04,train
D:\projects\aiml\data\ravdess\raw\Actor_04\03-01-07-01-01-02-04.wav,disgust,4,03-01-07-01-01-02-04,train
D:\projects\aiml\data\ravdess\raw\Actor_04\03-01-07-01-02-01-04.wav,disgust,4,03-01-07-01-02-01-04,train
D:\projects\aiml\data\ravdess\raw\Actor_04\03-01-07-01-02-02-04.wav,disgust,4,03-01-07-01-02-02-04,train
D:\projects\aiml\data\ravdess\raw\Actor_04\03-01-07-02-01-01-04.wav,disgust,4,03-01-07-02-01-01-04,train
D:\projects\aiml\data\ravdess\raw\Actor_04\03-01-07-02-01-02-04.wav,disgust,4,03-01-07-02-01-02-04,train
D:\projects\aiml\data\ravdess\raw\Actor_04\03-01-07-02-02-01-04.wav,disgust,4,03-01-07-02-02-01-04,train
D:\projects\aiml\data\ravdess\raw\Actor_04\03-01-07-02-02-02-04.wav,disgust,4,03-01-07-02-02-02-04,train
D:\projects\aiml\data\ravdess\raw\Actor_04\03-01-08-01-01-01-04.wav,surprise,4,03-01-08-01-01-01-04,train
D:\projects\aiml\data\ravdess\raw\Actor_04\03-01-08-01-01-02-04.wav,surprise,4,03-01-08-01-01-02-04,train
D:\projects\aiml\data\ravdess\raw\Actor_04\03-01-08-01-02-01-04.wav,surprise,4,03-01-08-01-02-01-04,train
D:\projects\aiml\data\ravdess\raw\Actor_04\03-01-08-01-02-02-04.wav,surprise,4,03-01-08-01-02-02-04,train
D:\projects\aiml\data\ravdess\raw\Actor_04\03-01-08-02-01-01-04.wav,surprise,4,03-01-08-02-01-01-04,train
D:\projects\aiml\data\ravdess\raw\Actor_04\03-01-08-02-01-02-04.wav,surprise,4,03-01-08-02-01-02-04,train
D:\projects\aiml\data\ravdess\raw\Actor_04\03-01-08-02-02-01-04.wav,surprise,4,03-01-08-02-02-01-04,train
D:\projects\aiml\data\ravdess\raw\Actor_04\03-01-08-02-02-02-04.wav,surprise,4,03-01-08-02-02-02-04,train
D:\projects\aiml\data\ravdess\raw\Actor_05\03-01-01-01-01-01-05.wav,neutral,5,03-01-01-01-01-01-05,train
D:\projects\aiml\data\ravdess\raw\Actor_05\03-01-01-01-01-02-05.wav,neutral,5,03-01-01-01-01-02-05,train
D:\projects\aiml\data\ravdess\raw\Actor_05\03-01-01-01-02-01-05.wav,neutral,5,03-01-01-01-02-01-05,train
D:\projects\aiml\data\ravdess\raw\Actor_05\03-01-01-01-02-02-05.wav,neutral,5,03-01-01-01-02-02-05,train
D:\projects\aiml\data\ravdess\raw\Actor_05\03-01-02-01-01-01-05.wav,neutral,5,03-01-02-01-01-01-05,train
D:\projects\aiml\data\ravdess\raw\Actor_05\03-01-02-01-01-02-05.wav,neutral,5,03-01-02-01-01-02-05,train
D:\projects\aiml\data\ravdess\raw\Actor_05\03-01-02-01-02-01-05.wav,neutral,5,03-01-02-01-02-01-05,train
D:\projects\aiml\data\ravdess\raw\Actor_05\03-01-02-01-02-02-05.wav,neutral,5,03-01-02-01-02-02-05,train
D:\projects\aiml\data\ravdess\raw\Actor_05\03-01-02-02-01-01-05.wav,neutral,5,03-01-02-02-01-01-05,train
D:\projects\aiml\data\ravdess\raw\Actor_05\03-01-02-02-01-02-05.wav,neutral,5,03-01-02-02-01-02-05,train
D:\projects\aiml\data\ravdess\raw\Actor_05\03-01-02-02-02-01-05.wav,neutral,5,03-01-02-02-02-01-05,train
D:\projects\aiml\data\ravdess\raw\Actor_05\03-01-02-02-02-02-05.wav,neutral,5,03-01-02-02-02-02-05,train
D:\projects\aiml\data\ravdess\raw\Actor_05\03-01-03-01-01-01-05.wav,joy,5,03-01-03-01-01-01-05,train
D:\projects\aiml\data\ravdess\raw\Actor_05\03-01-03-01-01-02-05.wav,joy,5,03-01-03-01-01-02-05,train
D:\projects\aiml\data\ravdess\raw\Actor_05\03-01-03-01-02-01-05.wav,joy,5,03-01-03-01-02-01-05,train
D:\projects\aiml\data\ravdess\raw\Actor_05\03-01-03-01-02-02-05.wav,joy,5,03-01-03-01-02-02-05,train
D:\projects\aiml\data\ravdess\raw\Actor_05\03-01-03-02-01-01-05.wav,joy,5,03-01-03-02-01-01-05,train
D:\projects\aiml\data\ravdess\raw\Actor_05\03-01-03-02-01-02-05.wav,joy,5,03-01-03-02-01-02-05,train
D:\projects\aiml\data\ravdess\raw\Actor_05\03-01-03-02-02-01-05.wav,joy,5,03-01-03-02-02-01-05,train
D:\projects\aiml\data\ravdess\raw\Actor_05\03-01-03-02-02-02-05.wav,joy,5,03-01-03-02-02-02-05,train
D:\projects\aiml\data\ravdess\raw\Actor_05\03-01-04-01-01-01-05.wav,sadness,5,03-01-04-01-01-01-05,train
D:\projects\aiml\data\ravdess\raw\Actor_05\03-01-04-01-01-02-05.wav,sadness,5,03-01-04-01-01-02-05,train
D:\projects\aiml\data\ravdess\raw\Actor_05\03-01-04-01-02-01-05.wav,sadness,5,03-01-04-01-02-01-05,train
D:\projects\aiml\data\ravdess\raw\Actor_05\03-01-04-01-02-02-05.wav,sadness,5,03-01-04-01-02-02-05,train
D:\projects\aiml\data\ravdess\raw\Actor_05\03-01-04-02-01-01-05.wav,sadness,5,03-01-04-02-01-01-05,train
D:\projects\aiml\data\ravdess\raw\Actor_05\03-01-04-02-01-02-05.wav,sadness,5,03-01-04-02-01-02-05,train
D:\projects\aiml\data\ravdess\raw\Actor_05\03-01-04-02-02-01-05.wav,sadness,5,03-01-04-02-02-01-05,train
D:\projects\aiml\data\ravdess\raw\Actor_05\03-01-04-02-02-02-05.wav,sadness,5,03-01-04-02-02-02-05,train
D:\projects\aiml\data\ravdess\raw\Actor_05\03-01-05-01-01-01-05.wav,anger,5,03-01-05-01-01-01-05,train
D:\projects\aiml\data\ravdess\raw\Actor_05\03-01-05-01-01-02-05.wav,anger,5,03-01-05-01-01-02-05,train
D:\projects\aiml\data\ravdess\raw\Actor_05\03-01-05-01-02-01-05.wav,anger,5,03-01-05-01-02-01-05,train
D:\projects\aiml\data\ravdess\raw\Actor_05\03-01-05-01-02-02-05.wav,anger,5,03-01-05-01-02-02-05,train
D:\projects\aiml\data\ravdess\raw\Actor_05\03-01-05-02-01-01-05.wav,anger,5,03-01-05-02-01-01-05,train
D:\projects\aiml\data\ravdess\raw\Actor_05\03-01-05-02-01-02-05.wav,anger,5,03-01-05-02-01-02-05,train
D:\projects\aiml\data\ravdess\raw\Actor_05\03-01-05-02-02-01-05.wav,anger,5,03-01-05-02-02-01-05,train
D:\projects\aiml\data\ravdess\raw\Actor_05\03-01-05-02-02-02-05.wav,anger,5,03-01-05-02-02-02-05,train
D:\projects\aiml\data\ravdess\raw\Actor_05\03-01-06-01-01-01-05.wav,fear,5,03-01-06-01-01-01-05,train
D:\projects\aiml\data\ravdess\raw\Actor_05\03-01-06-01-01-02-05.wav,fear,5,03-01-06-01-01-02-05,train
D:\projects\aiml\data\ravdess\raw\Actor_05\03-01-06-01-02-01-05.wav,fear,5,03-01-06-01-02-01-05,train
D:\projects\aiml\data\ravdess\raw\Actor_05\03-01-06-01-02-02-05.wav,fear,5,03-01-06-01-02-02-05,train
D:\projects\aiml\data\ravdess\raw\Actor_05\03-01-06-02-01-01-05.wav,fear,5,03-01-06-02-01-01-05,train
D:\projects\aiml\data\ravdess\raw\Actor_05\03-01-06-02-01-02-05.wav,fear,5,03-01-06-02-01-02-05,train
D:\projects\aiml\data\ravdess\raw\Actor_05\03-01-06-02-02-01-05.wav,fear,5,03-01-06-02-02-01-05,train
D:\projects\aiml\data\ravdess\raw\Actor_05\03-01-06-02-02-02-05.wav,fear,5,03-01-06-02-02-02-05,train
D:\projects\aiml\data\ravdess\raw\Actor_05\03-01-07-01-01-01-05.wav,disgust,5,03-01-07-01-01-01-05,train
D:\projects\aiml\data\ravdess\raw\Actor_05\03-01-07-01-01-02-05.wav,disgust,5,03-01-07-01-01-02-05,train
D:\projects\aiml\data\ravdess\raw\Actor_05\03-01-07-01-02-01-05.wav,disgust,5,03-01-07-01-02-01-05,train
D:\projects\aiml\data\ravdess\raw\Actor_05\03-01-07-01-02-02-05.wav,disgust,5,03-01-07-01-02-02-05,train
D:\projects\aiml\data\ravdess\raw\Actor_05\03-01-07-02-01-01-05.wav,disgust,5,03-01-07-02-01-01-05,train
D:\projects\aiml\data\ravdess\raw\Actor_05\03-01-07-02-01-02-05.wav,disgust,5,03-01-07-02-01-02-05,train
D:\projects\aiml\data\ravdess\raw\Actor_05\03-01-07-02-02-01-05.wav,disgust,5,03-01-07-02-02-01-05,train
D:\projects\aiml\data\ravdess\raw\Actor_05\03-01-07-02-02-02-05.wav,disgust,5,03-01-07-02-02-02-05,train
D:\projects\aiml\data\ravdess\raw\Actor_05\03-01-08-01-01-01-05.wav,surprise,5,03-01-08-01-01-01-05,train
D:\projects\aiml\data\ravdess\raw\Actor_05\03-01-08-01-01-02-05.wav,surprise,5,03-01-08-01-01-02-05,train
D:\projects\aiml\data\ravdess\raw\Actor_05\03-01-08-01-02-01-05.wav,surprise,5,03-01-08-01-02-01-05,train
D:\projects\aiml\data\ravdess\raw\Actor_05\03-01-08-01-02-02-05.wav,surprise,5,03-01-08-01-02-02-05,train
D:\projects\aiml\data\ravdess\raw\Actor_05\03-01-08-02-01-01-05.wav,surprise,5,03-01-08-02-01-01-05,train
D:\projects\aiml\data\ravdess\raw\Actor_05\03-01-08-02-01-02-05.wav,surprise,5,03-01-08-02-01-02-05,train
D:\projects\aiml\data\ravdess\raw\Actor_05\03-01-08-02-02-01-05.wav,surprise,5,03-01-08-02-02-01-05,train
D:\projects\aiml\data\ravdess\raw\Actor_05\03-01-08-02-02-02-05.wav,surprise,5,03-01-08-02-02-02-05,train
D:\projects\aiml\data\ravdess\raw\Actor_06\03-01-01-01-01-01-06.wav,neutral,6,03-01-01-01-01-01-06,train
D:\projects\aiml\data\ravdess\raw\Actor_06\03-01-01-01-01-02-06.wav,neutral,6,03-01-01-01-01-02-06,train
D:\projects\aiml\data\ravdess\raw\Actor_06\03-01-01-01-02-01-06.wav,neutral,6,03-01-01-01-02-01-06,train
D:\projects\aiml\data\ravdess\raw\Actor_06\03-01-01-01-02-02-06.wav,neutral,6,03-01-01-01-02-02-06,train
D:\projects\aiml\data\ravdess\raw\Actor_06\03-01-02-01-01-01-06.wav,neutral,6,03-01-02-01-01-01-06,train
D:\projects\aiml\data\ravdess\raw\Actor_06\03-01-02-01-01-02-06.wav,neutral,6,03-01-02-01-01-02-06,train
D:\projects\aiml\data\ravdess\raw\Actor_06\03-01-02-01-02-01-06.wav,neutral,6,03-01-02-01-02-01-06,train
D:\projects\aiml\data\ravdess\raw\Actor_06\03-01-02-01-02-02-06.wav,neutral,6,03-01-02-01-02-02-06,train
D:\projects\aiml\data\ravdess\raw\Actor_06\03-01-02-02-01-01-06.wav,neutral,6,03-01-02-02-01-01-06,train
D:\projects\aiml\data\ravdess\raw\Actor_06\03-01-02-02-01-02-06.wav,neutral,6,03-01-02-02-01-02-06,train
D:\projects\aiml\data\ravdess\raw\Actor_06\03-01-02-02-02-01-06.wav,neutral,6,03-01-02-02-02-01-06,train
D:\projects\aiml\data\ravdess\raw\Actor_06\03-01-02-02-02-02-06.wav,neutral,6,03-01-02-02-02-02-06,train
D:\projects\aiml\data\ravdess\raw\Actor_06\03-01-03-01-01-01-06.wav,joy,6,03-01-03-01-01-01-06,train
D:\projects\aiml\data\ravdess\raw\Actor_06\03-01-03-01-01-02-06.wav,joy,6,03-01-03-01-01-02-06,train
D:\projects\aiml\data\ravdess\raw\Actor_06\03-01-03-01-02-01-06.wav,joy,6,03-01-03-01-02-01-06,train
D:\projects\aiml\data\ravdess\raw\Actor_06\03-01-03-01-02-02-06.wav,joy,6,03-01-03-01-02-02-06,train
D:\projects\aiml\data\ravdess\raw\Actor_06\03-01-03-02-01-01-06.wav,joy,6,03-01-03-02-01-01-06,train
D:\projects\aiml\data\ravdess\raw\Actor_06\03-01-03-02-01-02-06.wav,joy,6,03-01-03-02-01-02-06,train
D:\projects\aiml\data\ravdess\raw\Actor_06\03-01-03-02-02-01-06.wav,joy,6,03-01-03-02-02-01-06,train
D:\projects\aiml\data\ravdess\raw\Actor_06\03-01-03-02-02-02-06.wav,joy,6,03-01-03-02-02-02-06,train
D:\projects\aiml\data\ravdess\raw\Actor_06\03-01-04-01-01-01-06.wav,sadness,6,03-01-04-01-01-01-06,train
D:\projects\aiml\data\ravdess\raw\Actor_06\03-01-04-01-01-02-06.wav,sadness,6,03-01-04-01-01-02-06,train
D:\projects\aiml\data\ravdess\raw\Actor_06\03-01-04-01-02-01-06.wav,sadness,6,03-01-04-01-02-01-06,train
D:\projects\aiml\data\ravdess\raw\Actor_06\03-01-04-01-02-02-06.wav,sadness,6,03-01-04-01-02-02-06,train
D:\projects\aiml\data\ravdess\raw\Actor_06\03-01-04-02-01-01-06.wav,sadness,6,03-01-04-02-01-01-06,train
D:\projects\aiml\data\ravdess\raw\Actor_06\03-01-04-02-01-02-06.wav,sadness,6,03-01-04-02-01-02-06,train
D:\projects\aiml\data\ravdess\raw\Actor_06\03-01-04-02-02-01-06.wav,sadness,6,03-01-04-02-02-01-06,train
D:\projects\aiml\data\ravdess\raw\Actor_06\03-01-04-02-02-02-06.wav,sadness,6,03-01-04-02-02-02-06,train
D:\projects\aiml\data\ravdess\raw\Actor_06\03-01-05-01-01-01-06.wav,anger,6,03-01-05-01-01-01-06,train
D:\projects\aiml\data\ravdess\raw\Actor_06\03-01-05-01-01-02-06.wav,anger,6,03-01-05-01-01-02-06,train
D:\projects\aiml\data\ravdess\raw\Actor_06\03-01-05-01-02-01-06.wav,anger,6,03-01-05-01-02-01-06,train
D:\projects\aiml\data\ravdess\raw\Actor_06\03-01-05-01-02-02-06.wav,anger,6,03-01-05-01-02-02-06,train
D:\projects\aiml\data\ravdess\raw\Actor_06\03-01-05-02-01-01-06.wav,anger,6,03-01-05-02-01-01-06,train
D:\projects\aiml\data\ravdess\raw\Actor_06\03-01-05-02-01-02-06.wav,anger,6,03-01-05-02-01-02-06,train
D:\projects\aiml\data\ravdess\raw\Actor_06\03-01-05-02-02-01-06.wav,anger,6,03-01-05-02-02-01-06,train
D:\projects\aiml\data\ravdess\raw\Actor_06\03-01-05-02-02-02-06.wav,anger,6,03-01-05-02-02-02-06,train
D:\projects\aiml\data\ravdess\raw\Actor_06\03-01-06-01-01-01-06.wav,fear,6,03-01-06-01-01-01-06,train
D:\projects\aiml\data\ravdess\raw\Actor_06\03-01-06-01-01-02-06.wav,fear,6,03-01-06-01-01-02-06,train
D:\projects\aiml\data\ravdess\raw\Actor_06\03-01-06-01-02-01-06.wav,fear,6,03-01-06-01-02-01-06,train
D:\projects\aiml\data\ravdess\raw\Actor_06\03-01-06-01-02-02-06.wav,fear,6,03-01-06-01-02-02-06,train
D:\projects\aiml\data\ravdess\raw\Actor_06\03-01-06-02-01-01-06.wav,fear,6,03-01-06-02-01-01-06,train
D:\projects\aiml\data\ravdess\raw\Actor_06\03-01-06-02-01-02-06.wav,fear,6,03-01-06-02-01-02-06,train
D:\projects\aiml\data\ravdess\raw\Actor_06\03-01-06-02-02-01-06.wav,fear,6,03-01-06-02-02-01-06,train
D:\projects\aiml\data\ravdess\raw\Actor_06\03-01-06-02-02-02-06.wav,fear,6,03-01-06-02-02-02-06,train
D:\projects\aiml\data\ravdess\raw\Actor_06\03-01-07-01-01-01-06.wav,disgust,6,03-01-07-01-01-01-06,train
D:\projects\aiml\data\ravdess\raw\Actor_06\03-01-07-01-01-02-06.wav,disgust,6,03-01-07-01-01-02-06,train
D:\projects\aiml\data\ravdess\raw\Actor_06\03-01-07-01-02-01-06.wav,disgust,6,03-01-07-01-02-01-06,train
D:\projects\aiml\data\ravdess\raw\Actor_06\03-01-07-01-02-02-06.wav,disgust,6,03-01-07-01-02-02-06,train
D:\projects\aiml\data\ravdess\raw\Actor_06\03-01-07-02-01-01-06.wav,disgust,6,03-01-07-02-01-01-06,train
D:\projects\aiml\data\ravdess\raw\Actor_06\03-01-07-02-01-02-06.wav,disgust,6,03-01-07-02-01-02-06,train
D:\projects\aiml\data\ravdess\raw\Actor_06\03-01-07-02-02-01-06.wav,disgust,6,03-01-07-02-02-01-06,train
D:\projects\aiml\data\ravdess\raw\Actor_06\03-01-07-02-02-02-06.wav,disgust,6,03-01-07-02-02-02-06,train
D:\projects\aiml\data\ravdess\raw\Actor_06\03-01-08-01-01-01-06.wav,surprise,6,03-01-08-01-01-01-06,train
D:\projects\aiml\data\ravdess\raw\Actor_06\03-01-08-01-01-02-06.wav,surprise,6,03-01-08-01-01-02-06,train
D:\projects\aiml\data\ravdess\raw\Actor_06\03-01-08-01-02-01-06.wav,surprise,6,03-01-08-01-02-01-06,train
D:\projects\aiml\data\ravdess\raw\Actor_06\03-01-08-01-02-02-06.wav,surprise,6,03-01-08-01-02-02-06,train
D:\projects\aiml\data\ravdess\raw\Actor_06\03-01-08-02-01-01-06.wav,surprise,6,03-01-08-02-01-01-06,train
D:\projects\aiml\data\ravdess\raw\Actor_06\03-01-08-02-01-02-06.wav,surprise,6,03-01-08-02-01-02-06,train
D:\projects\aiml\data\ravdess\raw\Actor_06\03-01-08-02-02-01-06.wav,surprise,6,03-01-08-02-02-01-06,train
D:\projects\aiml\data\ravdess\raw\Actor_06\03-01-08-02-02-02-06.wav,surprise,6,03-01-08-02-02-02-06,train
D:\projects\aiml\data\ravdess\raw\Actor_07\03-01-01-01-01-01-07.wav,neutral,7,03-01-01-01-01-01-07,train
D:\projects\aiml\data\ravdess\raw\Actor_07\03-01-01-01-01-02-07.wav,neutral,7,03-01-01-01-01-02-07,train
D:\projects\aiml\data\ravdess\raw\Actor_07\03-01-01-01-02-01-07.wav,neutral,7,03-01-01-01-02-01-07,train
D:\projects\aiml\data\ravdess\raw\Actor_07\03-01-01-01-02-02-07.wav,neutral,7,03-01-01-01-02-02-07,train
D:\projects\aiml\data\ravdess\raw\Actor_07\03-01-02-01-01-01-07.wav,neutral,7,03-01-02-01-01-01-07,train
D:\projects\aiml\data\ravdess\raw\Actor_07\03-01-02-01-01-02-07.wav,neutral,7,03-01-02-01-01-02-07,train
D:\projects\aiml\data\ravdess\raw\Actor_07\03-01-02-01-02-01-07.wav,neutral,7,03-01-02-01-02-01-07,train
D:\projects\aiml\data\ravdess\raw\Actor_07\03-01-02-01-02-02-07.wav,neutral,7,03-01-02-01-02-02-07,train
D:\projects\aiml\data\ravdess\raw\Actor_07\03-01-02-02-01-01-07.wav,neutral,7,03-01-02-02-01-01-07,train
D:\projects\aiml\data\ravdess\raw\Actor_07\03-01-02-02-01-02-07.wav,neutral,7,03-01-02-02-01-02-07,train
D:\projects\aiml\data\ravdess\raw\Actor_07\03-01-02-02-02-01-07.wav,neutral,7,03-01-02-02-02-01-07,train
D:\projects\aiml\data\ravdess\raw\Actor_07\03-01-02-02-02-02-07.wav,neutral,7,03-01-02-02-02-02-07,train
D:\projects\aiml\data\ravdess\raw\Actor_07\03-01-03-01-01-01-07.wav,joy,7,03-01-03-01-01-01-07,train
D:\projects\aiml\data\ravdess\raw\Actor_07\03-01-03-01-01-02-07.wav,joy,7,03-01-03-01-01-02-07,train
D:\projects\aiml\data\ravdess\raw\Actor_07\03-01-03-01-02-01-07.wav,joy,7,03-01-03-01-02-01-07,train
D:\projects\aiml\data\ravdess\raw\Actor_07\03-01-03-01-02-02-07.wav,joy,7,03-01-03-01-02-02-07,train
D:\projects\aiml\data\ravdess\raw\Actor_07\03-01-03-02-01-01-07.wav,joy,7,03-01-03-02-01-01-07,train
D:\projects\aiml\data\ravdess\raw\Actor_07\03-01-03-02-01-02-07.wav,joy,7,03-01-03-02-01-02-07,train
D:\projects\aiml\data\ravdess\raw\Actor_07\03-01-03-02-02-01-07.wav,joy,7,03-01-03-02-02-01-07,train
D:\projects\aiml\data\ravdess\raw\Actor_07\03-01-03-02-02-02-07.wav,joy,7,03-01-03-02-02-02-07,train
D:\projects\aiml\data\ravdess\raw\Actor_07\03-01-04-01-01-01-07.wav,sadness,7,03-01-04-01-01-01-07,train
D:\projects\aiml\data\ravdess\raw\Actor_07\03-01-04-01-01-02-07.wav,sadness,7,03-01-04-01-01-02-07,train
D:\projects\aiml\data\ravdess\raw\Actor_07\03-01-04-01-02-01-07.wav,sadness,7,03-01-04-01-02-01-07,train
D:\projects\aiml\data\ravdess\raw\Actor_07\03-01-04-01-02-02-07.wav,sadness,7,03-01-04-01-02-02-07,train
D:\projects\aiml\data\ravdess\raw\Actor_07\03-01-04-02-01-01-07.wav,sadness,7,03-01-04-02-01-01-07,train
D:\projects\aiml\data\ravdess\raw\Actor_07\03-01-04-02-01-02-07.wav,sadness,7,03-01-04-02-01-02-07,train
D:\projects\aiml\data\ravdess\raw\Actor_07\03-01-04-02-02-01-07.wav,sadness,7,03-01-04-02-02-01-07,train
D:\projects\aiml\data\ravdess\raw\Actor_07\03-01-04-02-02-02-07.wav,sadness,7,03-01-04-02-02-02-07,train
D:\projects\aiml\data\ravdess\raw\Actor_07\03-01-05-01-01-01-07.wav,anger,7,03-01-05-01-01-01-07,train
D:\projects\aiml\data\ravdess\raw\Actor_07\03-01-05-01-01-02-07.wav,anger,7,03-01-05-01-01-02-07,train
D:\projects\aiml\data\ravdess\raw\Actor_07\03-01-05-01-02-01-07.wav,anger,7,03-01-05-01-02-01-07,train
D:\projects\aiml\data\ravdess\raw\Actor_07\03-01-05-01-02-02-07.wav,anger,7,03-01-05-01-02-02-07,train
D:\projects\aiml\data\ravdess\raw\Actor_07\03-01-05-02-01-01-07.wav,anger,7,03-01-05-02-01-01-07,train
D:\projects\aiml\data\ravdess\raw\Actor_07\03-01-05-02-01-02-07.wav,anger,7,03-01-05-02-01-02-07,train
D:\projects\aiml\data\ravdess\raw\Actor_07\03-01-05-02-02-01-07.wav,anger,7,03-01-05-02-02-01-07,train
D:\projects\aiml\data\ravdess\raw\Actor_07\03-01-05-02-02-02-07.wav,anger,7,03-01-05-02-02-02-07,train
D:\projects\aiml\data\ravdess\raw\Actor_07\03-01-06-01-01-01-07.wav,fear,7,03-01-06-01-01-01-07,train
D:\projects\aiml\data\ravdess\raw\Actor_07\03-01-06-01-01-02-07.wav,fear,7,03-01-06-01-01-02-07,train
D:\projects\aiml\data\ravdess\raw\Actor_07\03-01-06-01-02-01-07.wav,fear,7,03-01-06-01-02-01-07,train
D:\projects\aiml\data\ravdess\raw\Actor_07\03-01-06-01-02-02-07.wav,fear,7,03-01-06-01-02-02-07,train
D:\projects\aiml\data\ravdess\raw\Actor_07\03-01-06-02-01-01-07.wav,fear,7,03-01-06-02-01-01-07,train
D:\projects\aiml\data\ravdess\raw\Actor_07\03-01-06-02-01-02-07.wav,fear,7,03-01-06-02-01-02-07,train
D:\projects\aiml\data\ravdess\raw\Actor_07\03-01-06-02-02-01-07.wav,fear,7,03-01-06-02-02-01-07,train
D:\projects\aiml\data\ravdess\raw\Actor_07\03-01-06-02-02-02-07.wav,fear,7,03-01-06-02-02-02-07,train
D:\projects\aiml\data\ravdess\raw\Actor_07\03-01-07-01-01-01-07.wav,disgust,7,03-01-07-01-01-01-07,train
D:\projects\aiml\data\ravdess\raw\Actor_07\03-01-07-01-01-02-07.wav,disgust,7,03-01-07-01-01-02-07,train
D:\projects\aiml\data\ravdess\raw\Actor_07\03-01-07-01-02-01-07.wav,disgust,7,03-01-07-01-02-01-07,train
D:\projects\aiml\data\ravdess\raw\Actor_07\03-01-07-01-02-02-07.wav,disgust,7,03-01-07-01-02-02-07,train
D:\projects\aiml\data\ravdess\raw\Actor_07\03-01-07-02-01-01-07.wav,disgust,7,03-01-07-02-01-01-07,train
D:\projects\aiml\data\ravdess\raw\Actor_07\03-01-07-02-01-02-07.wav,disgust,7,03-01-07-02-01-02-07,train
D:\projects\aiml\data\ravdess\raw\Actor_07\03-01-07-02-02-01-07.wav,disgust,7,03-01-07-02-02-01-07,train
D:\projects\aiml\data\ravdess\raw\Actor_07\03-01-07-02-02-02-07.wav,disgust,7,03-01-07-02-02-02-07,train
D:\projects\aiml\data\ravdess\raw\Actor_07\03-01-08-01-01-01-07.wav,surprise,7,03-01-08-01-01-01-07,train
D:\projects\aiml\data\ravdess\raw\Actor_07\03-01-08-01-01-02-07.wav,surprise,7,03-01-08-01-01-02-07,train
D:\projects\aiml\data\ravdess\raw\Actor_07\03-01-08-01-02-01-07.wav,surprise,7,03-01-08-01-02-01-07,train
D:\projects\aiml\data\ravdess\raw\Actor_07\03-01-08-01-02-02-07.wav,surprise,7,03-01-08-01-02-02-07,train
D:\projects\aiml\data\ravdess\raw\Actor_07\03-01-08-02-01-01-07.wav,surprise,7,03-01-08-02-01-01-07,train
D:\projects\aiml\data\ravdess\raw\Actor_07\03-01-08-02-01-02-07.wav,surprise,7,03-01-08-02-01-02-07,train
D:\projects\aiml\data\ravdess\raw\Actor_07\03-01-08-02-02-01-07.wav,surprise,7,03-01-08-02-02-01-07,train
D:\projects\aiml\data\ravdess\raw\Actor_07\03-01-08-02-02-02-07.wav,surprise,7,03-01-08-02-02-02-07,train
D:\projects\aiml\data\ravdess\raw\Actor_08\03-01-01-01-01-01-08.wav,neutral,8,03-01-01-01-01-01-08,train
D:\projects\aiml\data\ravdess\raw\Actor_08\03-01-01-01-01-02-08.wav,neutral,8,03-01-01-01-01-02-08,train
D:\projects\aiml\data\ravdess\raw\Actor_08\03-01-01-01-02-01-08.wav,neutral,8,03-01-01-01-02-01-08,train
D:\projects\aiml\data\ravdess\raw\Actor_08\03-01-01-01-02-02-08.wav,neutral,8,03-01-01-01-02-02-08,train
D:\projects\aiml\data\ravdess\raw\Actor_08\03-01-02-01-01-01-08.wav,neutral,8,03-01-02-01-01-01-08,train
D:\projects\aiml\data\ravdess\raw\Actor_08\03-01-02-01-01-02-08.wav,neutral,8,03-01-02-01-01-02-08,train
D:\projects\aiml\data\ravdess\raw\Actor_08\03-01-02-01-02-01-08.wav,neutral,8,03-01-02-01-02-01-08,train
D:\projects\aiml\data\ravdess\raw\Actor_08\03-01-02-01-02-02-08.wav,neutral,8,03-01-02-01-02-02-08,train
D:\projects\aiml\data\ravdess\raw\Actor_08\03-01-02-02-01-01-08.wav,neutral,8,03-01-02-02-01-01-08,train
D:\projects\aiml\data\ravdess\raw\Actor_08\03-01-02-02-01-02-08.wav,neutral,8,03-01-02-02-01-02-08,train
D:\projects\aiml\data\ravdess\raw\Actor_08\03-01-02-02-02-01-08.wav,neutral,8,03-01-02-02-02-01-08,train
D:\projects\aiml\data\ravdess\raw\Actor_08\03-01-02-02-02-02-08.wav,neutral,8,03-01-02-02-02-02-08,train
D:\projects\aiml\data\ravdess\raw\Actor_08\03-01-03-01-01-01-08.wav,joy,8,03-01-03-01-01-01-08,train
D:\projects\aiml\data\ravdess\raw\Actor_08\03-01-03-01-01-02-08.wav,joy,8,03-01-03-01-01-02-08,train
D:\projects\aiml\data\ravdess\raw\Actor_08\03-01-03-01-02-01-08.wav,joy,8,03-01-03-01-02-01-08,train
D:\projects\aiml\data\ravdess\raw\Actor_08\03-01-03-01-02-02-08.wav,joy,8,03-01-03-01-02-02-08,train
D:\projects\aiml\data\ravdess\raw\Actor_08\03-01-03-02-01-01-08.wav,joy,8,03-01-03-02-01-01-08,train
D:\projects\aiml\data\ravdess\raw\Actor_08\03-01-03-02-01-02-08.wav,joy,8,03-01-03-02-01-02-08,train
D:\projects\aiml\data\ravdess\raw\Actor_08\03-01-03-02-02-01-08.wav,joy,8,03-01-03-02-02-01-08,train
D:\projects\aiml\data\ravdess\raw\Actor_08\03-01-03-02-02-02-08.wav,joy,8,03-01-03-02-02-02-08,train
D:\projects\aiml\data\ravdess\raw\Actor_08\03-01-04-01-01-01-08.wav,sadness,8,03-01-04-01-01-01-08,train
D:\projects\aiml\data\ravdess\raw\Actor_08\03-01-04-01-01-02-08.wav,sadness,8,03-01-04-01-01-02-08,train
D:\projects\aiml\data\ravdess\raw\Actor_08\03-01-04-01-02-01-08.wav,sadness,8,03-01-04-01-02-01-08,train
D:\projects\aiml\data\ravdess\raw\Actor_08\03-01-04-01-02-02-08.wav,sadness,8,03-01-04-01-02-02-08,train
D:\projects\aiml\data\ravdess\raw\Actor_08\03-01-04-02-01-01-08.wav,sadness,8,03-01-04-02-01-01-08,train
D:\projects\aiml\data\ravdess\raw\Actor_08\03-01-04-02-01-02-08.wav,sadness,8,03-01-04-02-01-02-08,train
D:\projects\aiml\data\ravdess\raw\Actor_08\03-01-04-02-02-01-08.wav,sadness,8,03-01-04-02-02-01-08,train
D:\projects\aiml\data\ravdess\raw\Actor_08\03-01-04-02-02-02-08.wav,sadness,8,03-01-04-02-02-02-08,train
D:\projects\aiml\data\ravdess\raw\Actor_08\03-01-05-01-01-01-08.wav,anger,8,03-01-05-01-01-01-08,train
D:\projects\aiml\data\ravdess\raw\Actor_08\03-01-05-01-01-02-08.wav,anger,8,03-01-05-01-01-02-08,train
D:\projects\aiml\data\ravdess\raw\Actor_08\03-01-05-01-02-01-08.wav,anger,8,03-01-05-01-02-01-08,train
D:\projects\aiml\data\ravdess\raw\Actor_08\03-01-05-01-02-02-08.wav,anger,8,03-01-05-01-02-02-08,train
D:\projects\aiml\data\ravdess\raw\Actor_08\03-01-05-02-01-01-08.wav,anger,8,03-01-05-02-01-01-08,train
D:\projects\aiml\data\ravdess\raw\Actor_08\03-01-05-02-01-02-08.wav,anger,8,03-01-05-02-01-02-08,train
D:\projects\aiml\data\ravdess\raw\Actor_08\03-01-05-02-02-01-08.wav,anger,8,03-01-05-02-02-01-08,train
D:\projects\aiml\data\ravdess\raw\Actor_08\03-01-05-02-02-02-08.wav,anger,8,03-01-05-02-02-02-08,train
D:\projects\aiml\data\ravdess\raw\Actor_08\03-01-06-01-01-01-08.wav,fear,8,03-01-06-01-01-01-08,train
D:\projects\aiml\data\ravdess\raw\Actor_08\03-01-06-01-01-02-08.wav,fear,8,03-01-06-01-01-02-08,train
D:\projects\aiml\data\ravdess\raw\Actor_08\03-01-06-01-02-01-08.wav,fear,8,03-01-06-01-02-01-08,train
D:\projects\aiml\data\ravdess\raw\Actor_08\03-01-06-01-02-02-08.wav,fear,8,03-01-06-01-02-02-08,train
D:\projects\aiml\data\ravdess\raw\Actor_08\03-01-06-02-01-01-08.wav,fear,8,03-01-06-02-01-01-08,train
D:\projects\aiml\data\ravdess\raw\Actor_08\03-01-06-02-01-02-08.wav,fear,8,03-01-06-02-01-02-08,train
D:\projects\aiml\data\ravdess\raw\Actor_08\03-01-06-02-02-01-08.wav,fear,8,03-01-06-02-02-01-08,train
D:\projects\aiml\data\ravdess\raw\Actor_08\03-01-06-02-02-02-08.wav,fear,8,03-01-06-02-02-02-08,train
D:\projects\aiml\data\ravdess\raw\Actor_08\03-01-07-01-01-01-08.wav,disgust,8,03-01-07-01-01-01-08,train
D:\projects\aiml\data\ravdess\raw\Actor_08\03-01-07-01-01-02-08.wav,disgust,8,03-01-07-01-01-02-08,train
D:\projects\aiml\data\ravdess\raw\Actor_08\03-01-07-01-02-01-08.wav,disgust,8,03-01-07-01-02-01-08,train
D:\projects\aiml\data\ravdess\raw\Actor_08\03-01-07-01-02-02-08.wav,disgust,8,03-01-07-01-02-02-08,train
D:\projects\aiml\data\ravdess\raw\Actor_08\03-01-07-02-01-01-08.wav,disgust,8,03-01-07-02-01-01-08,train
D:\projects\aiml\data\ravdess\raw\Actor_08\03-01-07-02-01-02-08.wav,disgust,8,03-01-07-02-01-02-08,train
D:\projects\aiml\data\ravdess\raw\Actor_08\03-01-07-02-02-01-08.wav,disgust,8,03-01-07-02-02-01-08,train
D:\projects\aiml\data\ravdess\raw\Actor_08\03-01-07-02-02-02-08.wav,disgust,8,03-01-07-02-02-02-08,train
D:\projects\aiml\data\ravdess\raw\Actor_08\03-01-08-01-01-01-08.wav,surprise,8,03-01-08-01-01-01-08,train
D:\projects\aiml\data\ravdess\raw\Actor_08\03-01-08-01-01-02-08.wav,surprise,8,03-01-08-01-01-02-08,train
D:\projects\aiml\data\ravdess\raw\Actor_08\03-01-08-01-02-01-08.wav,surprise,8,03-01-08-01-02-01-08,train
D:\projects\aiml\data\ravdess\raw\Actor_08\03-01-08-01-02-02-08.wav,surprise,8,03-01-08-01-02-02-08,train
D:\projects\aiml\data\ravdess\raw\Actor_08\03-01-08-02-01-01-08.wav,surprise,8,03-01-08-02-01-01-08,train
D:\projects\aiml\data\ravdess\raw\Actor_08\03-01-08-02-01-02-08.wav,surprise,8,03-01-08-02-01-02-08,train
D:\projects\aiml\data\ravdess\raw\Actor_08\03-01-08-02-02-01-08.wav,surprise,8,03-01-08-02-02-01-08,train
D:\projects\aiml\data\ravdess\raw\Actor_08\03-01-08-02-02-02-08.wav,surprise,8,03-01-08-02-02-02-08,train
D:\projects\aiml\data\ravdess\raw\Actor_09\03-01-01-01-01-01-09.wav,neutral,9,03-01-01-01-01-01-09,train
D:\projects\aiml\data\ravdess\raw\Actor_09\03-01-01-01-01-02-09.wav,neutral,9,03-01-01-01-01-02-09,train
D:\projects\aiml\data\ravdess\raw\Actor_09\03-01-01-01-02-01-09.wav,neutral,9,03-01-01-01-02-01-09,train
D:\projects\aiml\data\ravdess\raw\Actor_09\03-01-01-01-02-02-09.wav,neutral,9,03-01-01-01-02-02-09,train
D:\projects\aiml\data\ravdess\raw\Actor_09\03-01-02-01-01-01-09.wav,neutral,9,03-01-02-01-01-01-09,train
D:\projects\aiml\data\ravdess\raw\Actor_09\03-01-02-01-01-02-09.wav,neutral,9,03-01-02-01-01-02-09,train
D:\projects\aiml\data\ravdess\raw\Actor_09\03-01-02-01-02-01-09.wav,neutral,9,03-01-02-01-02-01-09,train
D:\projects\aiml\data\ravdess\raw\Actor_09\03-01-02-01-02-02-09.wav,neutral,9,03-01-02-01-02-02-09,train
D:\projects\aiml\data\ravdess\raw\Actor_09\03-01-02-02-01-01-09.wav,neutral,9,03-01-02-02-01-01-09,train
D:\projects\aiml\data\ravdess\raw\Actor_09\03-01-02-02-01-02-09.wav,neutral,9,03-01-02-02-01-02-09,train
D:\projects\aiml\data\ravdess\raw\Actor_09\03-01-02-02-02-01-09.wav,neutral,9,03-01-02-02-02-01-09,train
D:\projects\aiml\data\ravdess\raw\Actor_09\03-01-02-02-02-02-09.wav,neutral,9,03-01-02-02-02-02-09,train
D:\projects\aiml\data\ravdess\raw\Actor_09\03-01-03-01-01-01-09.wav,joy,9,03-01-03-01-01-01-09,train
D:\projects\aiml\data\ravdess\raw\Actor_09\03-01-03-01-01-02-09.wav,joy,9,03-01-03-01-01-02-09,train
D:\projects\aiml\data\ravdess\raw\Actor_09\03-01-03-01-02-01-09.wav,joy,9,03-01-03-01-02-01-09,train
D:\projects\aiml\data\ravdess\raw\Actor_09\03-01-03-01-02-02-09.wav,joy,9,03-01-03-01-02-02-09,train
D:\projects\aiml\data\ravdess\raw\Actor_09\03-01-03-02-01-01-09.wav,joy,9,03-01-03-02-01-01-09,train
D:\projects\aiml\data\ravdess\raw\Actor_09\03-01-03-02-01-02-09.wav,joy,9,03-01-03-02-01-02-09,train
D:\projects\aiml\data\ravdess\raw\Actor_09\03-01-03-02-02-01-09.wav,joy,9,03-01-03-02-02-01-09,train
D:\projects\aiml\data\ravdess\raw\Actor_09\03-01-03-02-02-02-09.wav,joy,9,03-01-03-02-02-02-09,train
D:\projects\aiml\data\ravdess\raw\Actor_09\03-01-04-01-01-01-09.wav,sadness,9,03-01-04-01-01-01-09,train
D:\projects\aiml\data\ravdess\raw\Actor_09\03-01-04-01-01-02-09.wav,sadness,9,03-01-04-01-01-02-09,train
D:\projects\aiml\data\ravdess\raw\Actor_09\03-01-04-01-02-01-09.wav,sadness,9,03-01-04-01-02-01-09,train
D:\projects\aiml\data\ravdess\raw\Actor_09\03-01-04-01-02-02-09.wav,sadness,9,03-01-04-01-02-02-09,train
D:\projects\aiml\data\ravdess\raw\Actor_09\03-01-04-02-01-01-09.wav,sadness,9,03-01-04-02-01-01-09,train
D:\projects\aiml\data\ravdess\raw\Actor_09\03-01-04-02-01-02-09.wav,sadness,9,03-01-04-02-01-02-09,train
D:\projects\aiml\data\ravdess\raw\Actor_09\03-01-04-02-02-01-09.wav,sadness,9,03-01-04-02-02-01-09,train
D:\projects\aiml\data\ravdess\raw\Actor_09\03-01-04-02-02-02-09.wav,sadness,9,03-01-04-02-02-02-09,train
D:\projects\aiml\data\ravdess\raw\Actor_09\03-01-05-01-01-01-09.wav,anger,9,03-01-05-01-01-01-09,train
D:\projects\aiml\data\ravdess\raw\Actor_09\03-01-05-01-01-02-09.wav,anger,9,03-01-05-01-01-02-09,train
D:\projects\aiml\data\ravdess\raw\Actor_09\03-01-05-01-02-01-09.wav,anger,9,03-01-05-01-02-01-09,train
D:\projects\aiml\data\ravdess\raw\Actor_09\03-01-05-01-02-02-09.wav,anger,9,03-01-05-01-02-02-09,train
D:\projects\aiml\data\ravdess\raw\Actor_09\03-01-05-02-01-01-09.wav,anger,9,03-01-05-02-01-01-09,train
D:\projects\aiml\data\ravdess\raw\Actor_09\03-01-05-02-01-02-09.wav,anger,9,03-01-05-02-01-02-09,train
D:\projects\aiml\data\ravdess\raw\Actor_09\03-01-05-02-02-01-09.wav,anger,9,03-01-05-02-02-01-09,train
D:\projects\aiml\data\ravdess\raw\Actor_09\03-01-05-02-02-02-09.wav,anger,9,03-01-05-02-02-02-09,train
D:\projects\aiml\data\ravdess\raw\Actor_09\03-01-06-01-01-01-09.wav,fear,9,03-01-06-01-01-01-09,train
D:\projects\aiml\data\ravdess\raw\Actor_09\03-01-06-01-01-02-09.wav,fear,9,03-01-06-01-01-02-09,train
D:\projects\aiml\data\ravdess\raw\Actor_09\03-01-06-01-02-01-09.wav,fear,9,03-01-06-01-02-01-09,train
D:\projects\aiml\data\ravdess\raw\Actor_09\03-01-06-01-02-02-09.wav,fear,9,03-01-06-01-02-02-09,train
D:\projects\aiml\data\ravdess\raw\Actor_09\03-01-06-02-01-01-09.wav,fear,9,03-01-06-02-01-01-09,train
D:\projects\aiml\data\ravdess\raw\Actor_09\03-01-06-02-01-02-09.wav,fear,9,03-01-06-02-01-02-09,train
D:\projects\aiml\data\ravdess\raw\Actor_09\03-01-06-02-02-01-09.wav,fear,9,03-01-06-02-02-01-09,train
D:\projects\aiml\data\ravdess\raw\Actor_09\03-01-06-02-02-02-09.wav,fear,9,03-01-06-02-02-02-09,train
D:\projects\aiml\data\ravdess\raw\Actor_09\03-01-07-01-01-01-09.wav,disgust,9,03-01-07-01-01-01-09,train
D:\projects\aiml\data\ravdess\raw\Actor_09\03-01-07-01-01-02-09.wav,disgust,9,03-01-07-01-01-02-09,train
D:\projects\aiml\data\ravdess\raw\Actor_09\03-01-07-01-02-01-09.wav,disgust,9,03-01-07-01-02-01-09,train
D:\projects\aiml\data\ravdess\raw\Actor_09\03-01-07-01-02-02-09.wav,disgust,9,03-01-07-01-02-02-09,train
D:\projects\aiml\data\ravdess\raw\Actor_09\03-01-07-02-01-01-09.wav,disgust,9,03-01-07-02-01-01-09,train
D:\projects\aiml\data\ravdess\raw\Actor_09\03-01-07-02-01-02-09.wav,disgust,9,03-01-07-02-01-02-09,train
D:\projects\aiml\data\ravdess\raw\Actor_09\03-01-07-02-02-01-09.wav,disgust,9,03-01-07-02-02-01-09,train
D:\projects\aiml\data\ravdess\raw\Actor_09\03-01-07-02-02-02-09.wav,disgust,9,03-01-07-02-02-02-09,train
D:\projects\aiml\data\ravdess\raw\Actor_09\03-01-08-01-01-01-09.wav,surprise,9,03-01-08-01-01-01-09,train
D:\projects\aiml\data\ravdess\raw\Actor_09\03-01-08-01-01-02-09.wav,surprise,9,03-01-08-01-01-02-09,train
D:\projects\aiml\data\ravdess\raw\Actor_09\03-01-08-01-02-01-09.wav,surprise,9,03-01-08-01-02-01-09,train
D:\projects\aiml\data\ravdess\raw\Actor_09\03-01-08-01-02-02-09.wav,surprise,9,03-01-08-01-02-02-09,train
D:\projects\aiml\data\ravdess\raw\Actor_09\03-01-08-02-01-01-09.wav,surprise,9,03-01-08-02-01-01-09,train
D:\projects\aiml\data\ravdess\raw\Actor_09\03-01-08-02-01-02-09.wav,surprise,9,03-01-08-02-01-02-09,train
D:\projects\aiml\data\ravdess\raw\Actor_09\03-01-08-02-02-01-09.wav,surprise,9,03-01-08-02-02-01-09,train
D:\projects\aiml\data\ravdess\raw\Actor_09\03-01-08-02-02-02-09.wav,surprise,9,03-01-08-02-02-02-09,train
D:\projects\aiml\data\ravdess\raw\Actor_10\03-01-01-01-01-01-10.wav,neutral,10,03-01-01-01-01-01-10,train
D:\projects\aiml\data\ravdess\raw\Actor_10\03-01-01-01-01-02-10.wav,neutral,10,03-01-01-01-01-02-10,train
D:\projects\aiml\data\ravdess\raw\Actor_10\03-01-01-01-02-01-10.wav,neutral,10,03-01-01-01-02-01-10,train
D:\projects\aiml\data\ravdess\raw\Actor_10\03-01-01-01-02-02-10.wav,neutral,10,03-01-01-01-02-02-10,train
D:\projects\aiml\data\ravdess\raw\Actor_10\03-01-02-01-01-01-10.wav,neutral,10,03-01-02-01-01-01-10,train
D:\projects\aiml\data\ravdess\raw\Actor_10\03-01-02-01-01-02-10.wav,neutral,10,03-01-02-01-01-02-10,train
D:\projects\aiml\data\ravdess\raw\Actor_10\03-01-02-01-02-01-10.wav,neutral,10,03-01-02-01-02-01-10,train
D:\projects\aiml\data\ravdess\raw\Actor_10\03-01-02-01-02-02-10.wav,neutral,10,03-01-02-01-02-02-10,train
D:\projects\aiml\data\ravdess\raw\Actor_10\03-01-02-02-01-01-10.wav,neutral,10,03-01-02-02-01-01-10,train
D:\projects\aiml\data\ravdess\raw\Actor_10\03-01-02-02-01-02-10.wav,neutral,10,03-01-02-02-01-02-10,train
D:\projects\aiml\data\ravdess\raw\Actor_10\03-01-02-02-02-01-10.wav,neutral,10,03-01-02-02-02-01-10,train
D:\projects\aiml\data\ravdess\raw\Actor_10\03-01-02-02-02-02-10.wav,neutral,10,03-01-02-02-02-02-10,train
D:\projects\aiml\data\ravdess\raw\Actor_10\03-01-03-01-01-01-10.wav,joy,10,03-01-03-01-01-01-10,train
D:\projects\aiml\data\ravdess\raw\Actor_10\03-01-03-01-01-02-10.wav,joy,10,03-01-03-01-01-02-10,train
D:\projects\aiml\data\ravdess\raw\Actor_10\03-01-03-01-02-01-10.wav,joy,10,03-01-03-01-02-01-10,train
D:\projects\aiml\data\ravdess\raw\Actor_10\03-01-03-01-02-02-10.wav,joy,10,03-01-03-01-02-02-10,train
D:\projects\aiml\data\ravdess\raw\Actor_10\03-01-03-02-01-01-10.wav,joy,10,03-01-03-02-01-01-10,train
D:\projects\aiml\data\ravdess\raw\Actor_10\03-01-03-02-01-02-10.wav,joy,10,03-01-03-02-01-02-10,train
D:\projects\aiml\data\ravdess\raw\Actor_10\03-01-03-02-02-01-10.wav,joy,10,03-01-03-02-02-01-10,train
D:\projects\aiml\data\ravdess\raw\Actor_10\03-01-03-02-02-02-10.wav,joy,10,03-01-03-02-02-02-10,train
D:\projects\aiml\data\ravdess\raw\Actor_10\03-01-04-01-01-01-10.wav,sadness,10,03-01-04-01-01-01-10,train
D:\projects\aiml\data\ravdess\raw\Actor_10\03-01-04-01-01-02-10.wav,sadness,10,03-01-04-01-01-02-10,train
D:\projects\aiml\data\ravdess\raw\Actor_10\03-01-04-01-02-01-10.wav,sadness,10,03-01-04-01-02-01-10,train
D:\projects\aiml\data\ravdess\raw\Actor_10\03-01-04-01-02-02-10.wav,sadness,10,03-01-04-01-02-02-10,train
D:\projects\aiml\data\ravdess\raw\Actor_10\03-01-04-02-01-01-10.wav,sadness,10,03-01-04-02-01-01-10,train
D:\projects\aiml\data\ravdess\raw\Actor_10\03-01-04-02-01-02-10.wav,sadness,10,03-01-04-02-01-02-10,train
D:\projects\aiml\data\ravdess\raw\Actor_10\03-01-04-02-02-01-10.wav,sadness,10,03-01-04-02-02-01-10,train
D:\projects\aiml\data\ravdess\raw\Actor_10\03-01-04-02-02-02-10.wav,sadness,10,03-01-04-02-02-02-10,train
D:\projects\aiml\data\ravdess\raw\Actor_10\03-01-05-01-01-01-10.wav,anger,10,03-01-05-01-01-01-10,train
D:\projects\aiml\data\ravdess\raw\Actor_10\03-01-05-01-01-02-10.wav,anger,10,03-01-05-01-01-02-10,train
D:\projects\aiml\data\ravdess\raw\Actor_10\03-01-05-01-02-01-10.wav,anger,10,03-01-05-01-02-01-10,train
D:\projects\aiml\data\ravdess\raw\Actor_10\03-01-05-01-02-02-10.wav,anger,10,03-01-05-01-02-02-10,train
D:\projects\aiml\data\ravdess\raw\Actor_10\03-01-05-02-01-01-10.wav,anger,10,03-01-05-02-01-01-10,train
D:\projects\aiml\data\ravdess\raw\Actor_10\03-01-05-02-01-02-10.wav,anger,10,03-01-05-02-01-02-10,train
D:\projects\aiml\data\ravdess\raw\Actor_10\03-01-05-02-02-01-10.wav,anger,10,03-01-05-02-02-01-10,train
D:\projects\aiml\data\ravdess\raw\Actor_10\03-01-05-02-02-02-10.wav,anger,10,03-01-05-02-02-02-10,train
D:\projects\aiml\data\ravdess\raw\Actor_10\03-01-06-01-01-01-10.wav,fear,10,03-01-06-01-01-01-10,train
D:\projects\aiml\data\ravdess\raw\Actor_10\03-01-06-01-01-02-10.wav,fear,10,03-01-06-01-01-02-10,train
D:\projects\aiml\data\ravdess\raw\Actor_10\03-01-06-01-02-01-10.wav,fear,10,03-01-06-01-02-01-10,train
D:\projects\aiml\data\ravdess\raw\Actor_10\03-01-06-01-02-02-10.wav,fear,10,03-01-06-01-02-02-10,train
D:\projects\aiml\data\ravdess\raw\Actor_10\03-01-06-02-01-01-10.wav,fear,10,03-01-06-02-01-01-10,train
D:\projects\aiml\data\ravdess\raw\Actor_10\03-01-06-02-01-02-10.wav,fear,10,03-01-06-02-01-02-10,train
D:\projects\aiml\data\ravdess\raw\Actor_10\03-01-06-02-02-01-10.wav,fear,10,03-01-06-02-02-01-10,train
D:\projects\aiml\data\ravdess\raw\Actor_10\03-01-06-02-02-02-10.wav,fear,10,03-01-06-02-02-02-10,train
D:\projects\aiml\data\ravdess\raw\Actor_10\03-01-07-01-01-01-10.wav,disgust,10,03-01-07-01-01-01-10,train
D:\projects\aiml\data\ravdess\raw\Actor_10\03-01-07-01-01-02-10.wav,disgust,10,03-01-07-01-01-02-10,train
D:\projects\aiml\data\ravdess\raw\Actor_10\03-01-07-01-02-01-10.wav,disgust,10,03-01-07-01-02-01-10,train
D:\projects\aiml\data\ravdess\raw\Actor_10\03-01-07-01-02-02-10.wav,disgust,10,03-01-07-01-02-02-10,train
D:\projects\aiml\data\ravdess\raw\Actor_10\03-01-07-02-01-01-10.wav,disgust,10,03-01-07-02-01-01-10,train
D:\projects\aiml\data\ravdess\raw\Actor_10\03-01-07-02-01-02-10.wav,disgust,10,03-01-07-02-01-02-10,train
D:\projects\aiml\data\ravdess\raw\Actor_10\03-01-07-02-02-01-10.wav,disgust,10,03-01-07-02-02-01-10,train
D:\projects\aiml\data\ravdess\raw\Actor_10\03-01-07-02-02-02-10.wav,disgust,10,03-01-07-02-02-02-10,train
D:\projects\aiml\data\ravdess\raw\Actor_10\03-01-08-01-01-01-10.wav,surprise,10,03-01-08-01-01-01-10,train
D:\projects\aiml\data\ravdess\raw\Actor_10\03-01-08-01-01-02-10.wav,surprise,10,03-01-08-01-01-02-10,train
D:\projects\aiml\data\ravdess\raw\Actor_10\03-01-08-01-02-01-10.wav,surprise,10,03-01-08-01-02-01-10,train
D:\projects\aiml\data\ravdess\raw\Actor_10\03-01-08-01-02-02-10.wav,surprise,10,03-01-08-01-02-02-10,train
D:\projects\aiml\data\ravdess\raw\Actor_10\03-01-08-02-01-01-10.wav,surprise,10,03-01-08-02-01-01-10,train
D:\projects\aiml\data\ravdess\raw\Actor_10\03-01-08-02-01-02-10.wav,surprise,10,03-01-08-02-01-02-10,train
D:\projects\aiml\data\ravdess\raw\Actor_10\03-01-08-02-02-01-10.wav,surprise,10,03-01-08-02-02-01-10,train
D:\projects\aiml\data\ravdess\raw\Actor_10\03-01-08-02-02-02-10.wav,surprise,10,03-01-08-02-02-02-10,train
D:\projects\aiml\data\ravdess\raw\Actor_11\03-01-01-01-01-01-11.wav,neutral,11,03-01-01-01-01-01-11,train
D:\projects\aiml\data\ravdess\raw\Actor_11\03-01-01-01-01-02-11.wav,neutral,11,03-01-01-01-01-02-11,train
D:\projects\aiml\data\ravdess\raw\Actor_11\03-01-01-01-02-01-11.wav,neutral,11,03-01-01-01-02-01-11,train
D:\projects\aiml\data\ravdess\raw\Actor_11\03-01-01-01-02-02-11.wav,neutral,11,03-01-01-01-02-02-11,train
D:\projects\aiml\data\ravdess\raw\Actor_11\03-01-02-01-01-01-11.wav,neutral,11,03-01-02-01-01-01-11,train
D:\projects\aiml\data\ravdess\raw\Actor_11\03-01-02-01-01-02-11.wav,neutral,11,03-01-02-01-01-02-11,train
D:\projects\aiml\data\ravdess\raw\Actor_11\03-01-02-01-02-01-11.wav,neutral,11,03-01-02-01-02-01-11,train
D:\projects\aiml\data\ravdess\raw\Actor_11\03-01-02-01-02-02-11.wav,neutral,11,03-01-02-01-02-02-11,train
D:\projects\aiml\data\ravdess\raw\Actor_11\03-01-02-02-01-01-11.wav,neutral,11,03-01-02-02-01-01-11,train
D:\projects\aiml\data\ravdess\raw\Actor_11\03-01-02-02-01-02-11.wav,neutral,11,03-01-02-02-01-02-11,train
D:\projects\aiml\data\ravdess\raw\Actor_11\03-01-02-02-02-01-11.wav,neutral,11,03-01-02-02-02-01-11,train
D:\projects\aiml\data\ravdess\raw\Actor_11\03-01-02-02-02-02-11.wav,neutral,11,03-01-02-02-02-02-11,train
D:\projects\aiml\data\ravdess\raw\Actor_11\03-01-03-01-01-01-11.wav,joy,11,03-01-03-01-01-01-11,train
D:\projects\aiml\data\ravdess\raw\Actor_11\03-01-03-01-01-02-11.wav,joy,11,03-01-03-01-01-02-11,train
D:\projects\aiml\data\ravdess\raw\Actor_11\03-01-03-01-02-01-11.wav,joy,11,03-01-03-01-02-01-11,train
D:\projects\aiml\data\ravdess\raw\Actor_11\03-01-03-01-02-02-11.wav,joy,11,03-01-03-01-02-02-11,train
D:\projects\aiml\data\ravdess\raw\Actor_11\03-01-03-02-01-01-11.wav,joy,11,03-01-03-02-01-01-11,train
D:\projects\aiml\data\ravdess\raw\Actor_11\03-01-03-02-01-02-11.wav,joy,11,03-01-03-02-01-02-11,train
D:\projects\aiml\data\ravdess\raw\Actor_11\03-01-03-02-02-01-11.wav,joy,11,03-01-03-02-02-01-11,train
D:\projects\aiml\data\ravdess\raw\Actor_11\03-01-03-02-02-02-11.wav,joy,11,03-01-03-02-02-02-11,train
D:\projects\aiml\data\ravdess\raw\Actor_11\03-01-04-01-01-01-11.wav,sadness,11,03-01-04-01-01-01-11,train
D:\projects\aiml\data\ravdess\raw\Actor_11\03-01-04-01-01-02-11.wav,sadness,11,03-01-04-01-01-02-11,train
D:\projects\aiml\data\ravdess\raw\Actor_11\03-01-04-01-02-01-11.wav,sadness,11,03-01-04-01-02-01-11,train
D:\projects\aiml\data\ravdess\raw\Actor_11\03-01-04-01-02-02-11.wav,sadness,11,03-01-04-01-02-02-11,train
D:\projects\aiml\data\ravdess\raw\Actor_11\03-01-04-02-01-01-11.wav,sadness,11,03-01-04-02-01-01-11,train
D:\projects\aiml\data\ravdess\raw\Actor_11\03-01-04-02-01-02-11.wav,sadness,11,03-01-04-02-01-02-11,train
D:\projects\aiml\data\ravdess\raw\Actor_11\03-01-04-02-02-01-11.wav,sadness,11,03-01-04-02-02-01-11,train
D:\projects\aiml\data\ravdess\raw\Actor_11\03-01-04-02-02-02-11.wav,sadness,11,03-01-04-02-02-02-11,train
D:\projects\aiml\data\ravdess\raw\Actor_11\03-01-05-01-01-01-11.wav,anger,11,03-01-05-01-01-01-11,train
D:\projects\aiml\data\ravdess\raw\Actor_11\03-01-05-01-01-02-11.wav,anger,11,03-01-05-01-01-02-11,train
D:\projects\aiml\data\ravdess\raw\Actor_11\03-01-05-01-02-01-11.wav,anger,11,03-01-05-01-02-01-11,train
D:\projects\aiml\data\ravdess\raw\Actor_11\03-01-05-01-02-02-11.wav,anger,11,03-01-05-01-02-02-11,train
D:\projects\aiml\data\ravdess\raw\Actor_11\03-01-05-02-01-01-11.wav,anger,11,03-01-05-02-01-01-11,train
D:\projects\aiml\data\ravdess\raw\Actor_11\03-01-05-02-01-02-11.wav,anger,11,03-01-05-02-01-02-11,train
D:\projects\aiml\data\ravdess\raw\Actor_11\03-01-05-02-02-01-11.wav,anger,11,03-01-05-02-02-01-11,train
D:\projects\aiml\data\ravdess\raw\Actor_11\03-01-05-02-02-02-11.wav,anger,11,03-01-05-02-02-02-11,train
D:\projects\aiml\data\ravdess\raw\Actor_11\03-01-06-01-01-01-11.wav,fear,11,03-01-06-01-01-01-11,train
D:\projects\aiml\data\ravdess\raw\Actor_11\03-01-06-01-01-02-11.wav,fear,11,03-01-06-01-01-02-11,train
D:\projects\aiml\data\ravdess\raw\Actor_11\03-01-06-01-02-01-11.wav,fear,11,03-01-06-01-02-01-11,train
D:\projects\aiml\data\ravdess\raw\Actor_11\03-01-06-01-02-02-11.wav,fear,11,03-01-06-01-02-02-11,train
D:\projects\aiml\data\ravdess\raw\Actor_11\03-01-06-02-01-01-11.wav,fear,11,03-01-06-02-01-01-11,train
D:\projects\aiml\data\ravdess\raw\Actor_11\03-01-06-02-01-02-11.wav,fear,11,03-01-06-02-01-02-11,train
D:\projects\aiml\data\ravdess\raw\Actor_11\03-01-06-02-02-01-11.wav,fear,11,03-01-06-02-02-01-11,train
D:\projects\aiml\data\ravdess\raw\Actor_11\03-01-06-02-02-02-11.wav,fear,11,03-01-06-02-02-02-11,train
D:\projects\aiml\data\ravdess\raw\Actor_11\03-01-07-01-01-01-11.wav,disgust,11,03-01-07-01-01-01-11,train
D:\projects\aiml\data\ravdess\raw\Actor_11\03-01-07-01-01-02-11.wav,disgust,11,03-01-07-01-01-02-11,train
D:\projects\aiml\data\ravdess\raw\Actor_11\03-01-07-01-02-01-11.wav,disgust,11,03-01-07-01-02-01-11,train
D:\projects\aiml\data\ravdess\raw\Actor_11\03-01-07-01-02-02-11.wav,disgust,11,03-01-07-01-02-02-11,train
D:\projects\aiml\data\ravdess\raw\Actor_11\03-01-07-02-01-01-11.wav,disgust,11,03-01-07-02-01-01-11,train
D:\projects\aiml\data\ravdess\raw\Actor_11\03-01-07-02-01-02-11.wav,disgust,11,03-01-07-02-01-02-11,train
D:\projects\aiml\data\ravdess\raw\Actor_11\03-01-07-02-02-01-11.wav,disgust,11,03-01-07-02-02-01-11,train
D:\projects\aiml\data\ravdess\raw\Actor_11\03-01-07-02-02-02-11.wav,disgust,11,03-01-07-02-02-02-11,train
D:\projects\aiml\data\ravdess\raw\Actor_11\03-01-08-01-01-01-11.wav,surprise,11,03-01-08-01-01-01-11,train
D:\projects\aiml\data\ravdess\raw\Actor_11\03-01-08-01-01-02-11.wav,surprise,11,03-01-08-01-01-02-11,train
D:\projects\aiml\data\ravdess\raw\Actor_11\03-01-08-01-02-01-11.wav,surprise,11,03-01-08-01-02-01-11,train
D:\projects\aiml\data\ravdess\raw\Actor_11\03-01-08-01-02-02-11.wav,surprise,11,03-01-08-01-02-02-11,train
D:\projects\aiml\data\ravdess\raw\Actor_11\03-01-08-02-01-01-11.wav,surprise,11,03-01-08-02-01-01-11,train
D:\projects\aiml\data\ravdess\raw\Actor_11\03-01-08-02-01-02-11.wav,surprise,11,03-01-08-02-01-02-11,train
D:\projects\aiml\data\ravdess\raw\Actor_11\03-01-08-02-02-01-11.wav,surprise,11,03-01-08-02-02-01-11,train
D:\projects\aiml\data\ravdess\raw\Actor_11\03-01-08-02-02-02-11.wav,surprise,11,03-01-08-02-02-02-11,train
D:\projects\aiml\data\ravdess\raw\Actor_12\03-01-01-01-01-01-12.wav,neutral,12,03-01-01-01-01-01-12,train
D:\projects\aiml\data\ravdess\raw\Actor_12\03-01-01-01-01-02-12.wav,neutral,12,03-01-01-01-01-02-12,train
D:\projects\aiml\data\ravdess\raw\Actor_12\03-01-01-01-02-01-12.wav,neutral,12,03-01-01-01-02-01-12,train
D:\projects\aiml\data\ravdess\raw\Actor_12\03-01-01-01-02-02-12.wav,neutral,12,03-01-01-01-02-02-12,train
D:\projects\aiml\data\ravdess\raw\Actor_12\03-01-02-01-01-01-12.wav,neutral,12,03-01-02-01-01-01-12,train
D:\projects\aiml\data\ravdess\raw\Actor_12\03-01-02-01-01-02-12.wav,neutral,12,03-01-02-01-01-02-12,train
D:\projects\aiml\data\ravdess\raw\Actor_12\03-01-02-01-02-01-12.wav,neutral,12,03-01-02-01-02-01-12,train
D:\projects\aiml\data\ravdess\raw\Actor_12\03-01-02-01-02-02-12.wav,neutral,12,03-01-02-01-02-02-12,train
D:\projects\aiml\data\ravdess\raw\Actor_12\03-01-02-02-01-01-12.wav,neutral,12,03-01-02-02-01-01-12,train
D:\projects\aiml\data\ravdess\raw\Actor_12\03-01-02-02-01-02-12.wav,neutral,12,03-01-02-02-01-02-12,train
D:\projects\aiml\data\ravdess\raw\Actor_12\03-01-02-02-02-01-12.wav,neutral,12,03-01-02-02-02-01-12,train
D:\projects\aiml\data\ravdess\raw\Actor_12\03-01-02-02-02-02-12.wav,neutral,12,03-01-02-02-02-02-12,train
D:\projects\aiml\data\ravdess\raw\Actor_12\03-01-03-01-01-01-12.wav,joy,12,03-01-03-01-01-01-12,train
D:\projects\aiml\data\ravdess\raw\Actor_12\03-01-03-01-01-02-12.wav,joy,12,03-01-03-01-01-02-12,train
D:\projects\aiml\data\ravdess\raw\Actor_12\03-01-03-01-02-01-12.wav,joy,12,03-01-03-01-02-01-12,train
D:\projects\aiml\data\ravdess\raw\Actor_12\03-01-03-01-02-02-12.wav,joy,12,03-01-03-01-02-02-12,train
D:\projects\aiml\data\ravdess\raw\Actor_12\03-01-03-02-01-01-12.wav,joy,12,03-01-03-02-01-01-12,train
D:\projects\aiml\data\ravdess\raw\Actor_12\03-01-03-02-01-02-12.wav,joy,12,03-01-03-02-01-02-12,train
D:\projects\aiml\data\ravdess\raw\Actor_12\03-01-03-02-02-01-12.wav,joy,12,03-01-03-02-02-01-12,train
D:\projects\aiml\data\ravdess\raw\Actor_12\03-01-03-02-02-02-12.wav,joy,12,03-01-03-02-02-02-12,train
D:\projects\aiml\data\ravdess\raw\Actor_12\03-01-04-01-01-01-12.wav,sadness,12,03-01-04-01-01-01-12,train
D:\projects\aiml\data\ravdess\raw\Actor_12\03-01-04-01-01-02-12.wav,sadness,12,03-01-04-01-01-02-12,train
D:\projects\aiml\data\ravdess\raw\Actor_12\03-01-04-01-02-01-12.wav,sadness,12,03-01-04-01-02-01-12,train
D:\projects\aiml\data\ravdess\raw\Actor_12\03-01-04-01-02-02-12.wav,sadness,12,03-01-04-01-02-02-12,train
D:\projects\aiml\data\ravdess\raw\Actor_12\03-01-04-02-01-01-12.wav,sadness,12,03-01-04-02-01-01-12,train
D:\projects\aiml\data\ravdess\raw\Actor_12\03-01-04-02-01-02-12.wav,sadness,12,03-01-04-02-01-02-12,train
D:\projects\aiml\data\ravdess\raw\Actor_12\03-01-04-02-02-01-12.wav,sadness,12,03-01-04-02-02-01-12,train
D:\projects\aiml\data\ravdess\raw\Actor_12\03-01-04-02-02-02-12.wav,sadness,12,03-01-04-02-02-02-12,train
D:\projects\aiml\data\ravdess\raw\Actor_12\03-01-05-01-01-01-12.wav,anger,12,03-01-05-01-01-01-12,train
D:\projects\aiml\data\ravdess\raw\Actor_12\03-01-05-01-01-02-12.wav,anger,12,03-01-05-01-01-02-12,train
D:\projects\aiml\data\ravdess\raw\Actor_12\03-01-05-01-02-01-12.wav,anger,12,03-01-05-01-02-01-12,train
D:\projects\aiml\data\ravdess\raw\Actor_12\03-01-05-01-02-02-12.wav,anger,12,03-01-05-01-02-02-12,train
D:\projects\aiml\data\ravdess\raw\Actor_12\03-01-05-02-01-01-12.wav,anger,12,03-01-05-02-01-01-12,train
D:\projects\aiml\data\ravdess\raw\Actor_12\03-01-05-02-01-02-12.wav,anger,12,03-01-05-02-01-02-12,train
D:\projects\aiml\data\ravdess\raw\Actor_12\03-01-05-02-02-01-12.wav,anger,12,03-01-05-02-02-01-12,train
D:\projects\aiml\data\ravdess\raw\Actor_12\03-01-05-02-02-02-12.wav,anger,12,03-01-05-02-02-02-12,train
D:\projects\aiml\data\ravdess\raw\Actor_12\03-01-06-01-01-01-12.wav,fear,12,03-01-06-01-01-01-12,train
D:\projects\aiml\data\ravdess\raw\Actor_12\03-01-06-01-01-02-12.wav,fear,12,03-01-06-01-01-02-12,train
D:\projects\aiml\data\ravdess\raw\Actor_12\03-01-06-01-02-01-12.wav,fear,12,03-01-06-01-02-01-12,train
D:\projects\aiml\data\ravdess\raw\Actor_12\03-01-06-01-02-02-12.wav,fear,12,03-01-06-01-02-02-12,train
D:\projects\aiml\data\ravdess\raw\Actor_12\03-01-06-02-01-01-12.wav,fear,12,03-01-06-02-01-01-12,train
D:\projects\aiml\data\ravdess\raw\Actor_12\03-01-06-02-01-02-12.wav,fear,12,03-01-06-02-01-02-12,train
D:\projects\aiml\data\ravdess\raw\Actor_12\03-01-06-02-02-01-12.wav,fear,12,03-01-06-02-02-01-12,train
D:\projects\aiml\data\ravdess\raw\Actor_12\03-01-06-02-02-02-12.wav,fear,12,03-01-06-02-02-02-12,train
D:\projects\aiml\data\ravdess\raw\Actor_12\03-01-07-01-01-01-12.wav,disgust,12,03-01-07-01-01-01-12,train
D:\projects\aiml\data\ravdess\raw\Actor_12\03-01-07-01-01-02-12.wav,disgust,12,03-01-07-01-01-02-12,train
D:\projects\aiml\data\ravdess\raw\Actor_12\03-01-07-01-02-01-12.wav,disgust,12,03-01-07-01-02-01-12,train
D:\projects\aiml\data\ravdess\raw\Actor_12\03-01-07-01-02-02-12.wav,disgust,12,03-01-07-01-02-02-12,train
D:\projects\aiml\data\ravdess\raw\Actor_12\03-01-07-02-01-01-12.wav,disgust,12,03-01-07-02-01-01-12,train
D:\projects\aiml\data\ravdess\raw\Actor_12\03-01-07-02-01-02-12.wav,disgust,12,03-01-07-02-01-02-12,train
D:\projects\aiml\data\ravdess\raw\Actor_12\03-01-07-02-02-01-12.wav,disgust,12,03-01-07-02-02-01-12,train
D:\projects\aiml\data\ravdess\raw\Actor_12\03-01-07-02-02-02-12.wav,disgust,12,03-01-07-02-02-02-12,train
D:\projects\aiml\data\ravdess\raw\Actor_12\03-01-08-01-01-01-12.wav,surprise,12,03-01-08-01-01-01-12,train
D:\projects\aiml\data\ravdess\raw\Actor_12\03-01-08-01-01-02-12.wav,surprise,12,03-01-08-01-01-02-12,train
D:\projects\aiml\data\ravdess\raw\Actor_12\03-01-08-01-02-01-12.wav,surprise,12,03-01-08-01-02-01-12,train
D:\projects\aiml\data\ravdess\raw\Actor_12\03-01-08-01-02-02-12.wav,surprise,12,03-01-08-01-02-02-12,train
D:\projects\aiml\data\ravdess\raw\Actor_12\03-01-08-02-01-01-12.wav,surprise,12,03-01-08-02-01-01-12,train
D:\projects\aiml\data\ravdess\raw\Actor_12\03-01-08-02-01-02-12.wav,surprise,12,03-01-08-02-01-02-12,train
D:\projects\aiml\data\ravdess\raw\Actor_12\03-01-08-02-02-01-12.wav,surprise,12,03-01-08-02-02-01-12,train
D:\projects\aiml\data\ravdess\raw\Actor_12\03-01-08-02-02-02-12.wav,surprise,12,03-01-08-02-02-02-12,train
D:\projects\aiml\data\ravdess\raw\Actor_13\03-01-01-01-01-01-13.wav,neutral,13,03-01-01-01-01-01-13,train
D:\projects\aiml\data\ravdess\raw\Actor_13\03-01-01-01-01-02-13.wav,neutral,13,03-01-01-01-01-02-13,train
D:\projects\aiml\data\ravdess\raw\Actor_13\03-01-01-01-02-01-13.wav,neutral,13,03-01-01-01-02-01-13,train
D:\projects\aiml\data\ravdess\raw\Actor_13\03-01-01-01-02-02-13.wav,neutral,13,03-01-01-01-02-02-13,train
D:\projects\aiml\data\ravdess\raw\Actor_13\03-01-02-01-01-01-13.wav,neutral,13,03-01-02-01-01-01-13,train
D:\projects\aiml\data\ravdess\raw\Actor_13\03-01-02-01-01-02-13.wav,neutral,13,03-01-02-01-01-02-13,train
D:\projects\aiml\data\ravdess\raw\Actor_13\03-01-02-01-02-01-13.wav,neutral,13,03-01-02-01-02-01-13,train
D:\projects\aiml\data\ravdess\raw\Actor_13\03-01-02-01-02-02-13.wav,neutral,13,03-01-02-01-02-02-13,train
D:\projects\aiml\data\ravdess\raw\Actor_13\03-01-02-02-01-01-13.wav,neutral,13,03-01-02-02-01-01-13,train
D:\projects\aiml\data\ravdess\raw\Actor_13\03-01-02-02-01-02-13.wav,neutral,13,03-01-02-02-01-02-13,train
D:\projects\aiml\data\ravdess\raw\Actor_13\03-01-02-02-02-01-13.wav,neutral,13,03-01-02-02-02-01-13,train
D:\projects\aiml\data\ravdess\raw\Actor_13\03-01-02-02-02-02-13.wav,neutral,13,03-01-02-02-02-02-13,train
D:\projects\aiml\data\ravdess\raw\Actor_13\03-01-03-01-01-01-13.wav,joy,13,03-01-03-01-01-01-13,train
D:\projects\aiml\data\ravdess\raw\Actor_13\03-01-03-01-01-02-13.wav,joy,13,03-01-03-01-01-02-13,train
D:\projects\aiml\data\ravdess\raw\Actor_13\03-01-03-01-02-01-13.wav,joy,13,03-01-03-01-02-01-13,train
D:\projects\aiml\data\ravdess\raw\Actor_13\03-01-03-01-02-02-13.wav,joy,13,03-01-03-01-02-02-13,train
D:\projects\aiml\data\ravdess\raw\Actor_13\03-01-03-02-01-01-13.wav,joy,13,03-01-03-02-01-01-13,train
D:\projects\aiml\data\ravdess\raw\Actor_13\03-01-03-02-01-02-13.wav,joy,13,03-01-03-02-01-02-13,train
D:\projects\aiml\data\ravdess\raw\Actor_13\03-01-03-02-02-01-13.wav,joy,13,03-01-03-02-02-01-13,train
D:\projects\aiml\data\ravdess\raw\Actor_13\03-01-03-02-02-02-13.wav,joy,13,03-01-03-02-02-02-13,train
D:\projects\aiml\data\ravdess\raw\Actor_13\03-01-04-01-01-01-13.wav,sadness,13,03-01-04-01-01-01-13,train
D:\projects\aiml\data\ravdess\raw\Actor_13\03-01-04-01-01-02-13.wav,sadness,13,03-01-04-01-01-02-13,train
D:\projects\aiml\data\ravdess\raw\Actor_13\03-01-04-01-02-01-13.wav,sadness,13,03-01-04-01-02-01-13,train
D:\projects\aiml\data\ravdess\raw\Actor_13\03-01-04-01-02-02-13.wav,sadness,13,03-01-04-01-02-02-13,train
D:\projects\aiml\data\ravdess\raw\Actor_13\03-01-04-02-01-01-13.wav,sadness,13,03-01-04-02-01-01-13,train
D:\projects\aiml\data\ravdess\raw\Actor_13\03-01-04-02-01-02-13.wav,sadness,13,03-01-04-02-01-02-13,train
D:\projects\aiml\data\ravdess\raw\Actor_13\03-01-04-02-02-01-13.wav,sadness,13,03-01-04-02-02-01-13,train
D:\projects\aiml\data\ravdess\raw\Actor_13\03-01-04-02-02-02-13.wav,sadness,13,03-01-04-02-02-02-13,train
D:\projects\aiml\data\ravdess\raw\Actor_13\03-01-05-01-01-01-13.wav,anger,13,03-01-05-01-01-01-13,train
D:\projects\aiml\data\ravdess\raw\Actor_13\03-01-05-01-01-02-13.wav,anger,13,03-01-05-01-01-02-13,train
D:\projects\aiml\data\ravdess\raw\Actor_13\03-01-05-01-02-01-13.wav,anger,13,03-01-05-01-02-01-13,train
D:\projects\aiml\data\ravdess\raw\Actor_13\03-01-05-01-02-02-13.wav,anger,13,03-01-05-01-02-02-13,train
D:\projects\aiml\data\ravdess\raw\Actor_13\03-01-05-02-01-01-13.wav,anger,13,03-01-05-02-01-01-13,train
D:\projects\aiml\data\ravdess\raw\Actor_13\03-01-05-02-01-02-13.wav,anger,13,03-01-05-02-01-02-13,train
D:\projects\aiml\data\ravdess\raw\Actor_13\03-01-05-02-02-01-13.wav,anger,13,03-01-05-02-02-01-13,train
D:\projects\aiml\data\ravdess\raw\Actor_13\03-01-05-02-02-02-13.wav,anger,13,03-01-05-02-02-02-13,train
D:\projects\aiml\data\ravdess\raw\Actor_13\03-01-06-01-01-01-13.wav,fear,13,03-01-06-01-01-01-13,train
D:\projects\aiml\data\ravdess\raw\Actor_13\03-01-06-01-01-02-13.wav,fear,13,03-01-06-01-01-02-13,train
D:\projects\aiml\data\ravdess\raw\Actor_13\03-01-06-01-02-01-13.wav,fear,13,03-01-06-01-02-01-13,train
D:\projects\aiml\data\ravdess\raw\Actor_13\03-01-06-01-02-02-13.wav,fear,13,03-01-06-01-02-02-13,train
D:\projects\aiml\data\ravdess\raw\Actor_13\03-01-06-02-01-01-13.wav,fear,13,03-01-06-02-01-01-13,train
D:\projects\aiml\data\ravdess\raw\Actor_13\03-01-06-02-01-02-13.wav,fear,13,03-01-06-02-01-02-13,train
D:\projects\aiml\data\ravdess\raw\Actor_13\03-01-06-02-02-01-13.wav,fear,13,03-01-06-02-02-01-13,train
D:\projects\aiml\data\ravdess\raw\Actor_13\03-01-06-02-02-02-13.wav,fear,13,03-01-06-02-02-02-13,train
D:\projects\aiml\data\ravdess\raw\Actor_13\03-01-07-01-01-01-13.wav,disgust,13,03-01-07-01-01-01-13,train
D:\projects\aiml\data\ravdess\raw\Actor_13\03-01-07-01-01-02-13.wav,disgust,13,03-01-07-01-01-02-13,train
D:\projects\aiml\data\ravdess\raw\Actor_13\03-01-07-01-02-01-13.wav,disgust,13,03-01-07-01-02-01-13,train
D:\projects\aiml\data\ravdess\raw\Actor_13\03-01-07-01-02-02-13.wav,disgust,13,03-01-07-01-02-02-13,train
D:\projects\aiml\data\ravdess\raw\Actor_13\03-01-07-02-01-01-13.wav,disgust,13,03-01-07-02-01-01-13,train
D:\projects\aiml\data\ravdess\raw\Actor_13\03-01-07-02-01-02-13.wav,disgust,13,03-01-07-02-01-02-13,train
D:\projects\aiml\data\ravdess\raw\Actor_13\03-01-07-02-02-01-13.wav,disgust,13,03-01-07-02-02-01-13,train
D:\projects\aiml\data\ravdess\raw\Actor_13\03-01-07-02-02-02-13.wav,disgust,13,03-01-07-02-02-02-13,train
D:\projects\aiml\data\ravdess\raw\Actor_13\03-01-08-01-01-01-13.wav,surprise,13,03-01-08-01-01-01-13,train
D:\projects\aiml\data\ravdess\raw\Actor_13\03-01-08-01-01-02-13.wav,surprise,13,03-01-08-01-01-02-13,train
D:\projects\aiml\data\ravdess\raw\Actor_13\03-01-08-01-02-01-13.wav,surprise,13,03-01-08-01-02-01-13,train
D:\projects\aiml\data\ravdess\raw\Actor_13\03-01-08-01-02-02-13.wav,surprise,13,03-01-08-01-02-02-13,train
D:\projects\aiml\data\ravdess\raw\Actor_13\03-01-08-02-01-01-13.wav,surprise,13,03-01-08-02-01-01-13,train
D:\projects\aiml\data\ravdess\raw\Actor_13\03-01-08-02-01-02-13.wav,surprise,13,03-01-08-02-01-02-13,train
D:\projects\aiml\data\ravdess\raw\Actor_13\03-01-08-02-02-01-13.wav,surprise,13,03-01-08-02-02-01-13,train
D:\projects\aiml\data\ravdess\raw\Actor_13\03-01-08-02-02-02-13.wav,surprise,13,03-01-08-02-02-02-13,train
D:\projects\aiml\data\ravdess\raw\Actor_14\03-01-01-01-01-01-14.wav,neutral,14,03-01-01-01-01-01-14,train
D:\projects\aiml\data\ravdess\raw\Actor_14\03-01-01-01-01-02-14.wav,neutral,14,03-01-01-01-01-02-14,train
D:\projects\aiml\data\ravdess\raw\Actor_14\03-01-01-01-02-01-14.wav,neutral,14,03-01-01-01-02-01-14,train
D:\projects\aiml\data\ravdess\raw\Actor_14\03-01-01-01-02-02-14.wav,neutral,14,03-01-01-01-02-02-14,train
D:\projects\aiml\data\ravdess\raw\Actor_14\03-01-02-01-01-01-14.wav,neutral,14,03-01-02-01-01-01-14,train
D:\projects\aiml\data\ravdess\raw\Actor_14\03-01-02-01-01-02-14.wav,neutral,14,03-01-02-01-01-02-14,train
D:\projects\aiml\data\ravdess\raw\Actor_14\03-01-02-01-02-01-14.wav,neutral,14,03-01-02-01-02-01-14,train
D:\projects\aiml\data\ravdess\raw\Actor_14\03-01-02-01-02-02-14.wav,neutral,14,03-01-02-01-02-02-14,train
D:\projects\aiml\data\ravdess\raw\Actor_14\03-01-02-02-01-01-14.wav,neutral,14,03-01-02-02-01-01-14,train
D:\projects\aiml\data\ravdess\raw\Actor_14\03-01-02-02-01-02-14.wav,neutral,14,03-01-02-02-01-02-14,train
D:\projects\aiml\data\ravdess\raw\Actor_14\03-01-02-02-02-01-14.wav,neutral,14,03-01-02-02-02-01-14,train
D:\projects\aiml\data\ravdess\raw\Actor_14\03-01-02-02-02-02-14.wav,neutral,14,03-01-02-02-02-02-14,train
D:\projects\aiml\data\ravdess\raw\Actor_14\03-01-03-01-01-01-14.wav,joy,14,03-01-03-01-01-01-14,train
D:\projects\aiml\data\ravdess\raw\Actor_14\03-01-03-01-01-02-14.wav,joy,14,03-01-03-01-01-02-14,train
D:\projects\aiml\data\ravdess\raw\Actor_14\03-01-03-01-02-01-14.wav,joy,14,03-01-03-01-02-01-14,train
D:\projects\aiml\data\ravdess\raw\Actor_14\03-01-03-01-02-02-14.wav,joy,14,03-01-03-01-02-02-14,train
D:\projects\aiml\data\ravdess\raw\Actor_14\03-01-03-02-01-01-14.wav,joy,14,03-01-03-02-01-01-14,train
D:\projects\aiml\data\ravdess\raw\Actor_14\03-01-03-02-01-02-14.wav,joy,14,03-01-03-02-01-02-14,train
D:\projects\aiml\data\ravdess\raw\Actor_14\03-01-03-02-02-01-14.wav,joy,14,03-01-03-02-02-01-14,train
D:\projects\aiml\data\ravdess\raw\Actor_14\03-01-03-02-02-02-14.wav,joy,14,03-01-03-02-02-02-14,train
D:\projects\aiml\data\ravdess\raw\Actor_14\03-01-04-01-01-01-14.wav,sadness,14,03-01-04-01-01-01-14,train
D:\projects\aiml\data\ravdess\raw\Actor_14\03-01-04-01-01-02-14.wav,sadness,14,03-01-04-01-01-02-14,train
D:\projects\aiml\data\ravdess\raw\Actor_14\03-01-04-01-02-01-14.wav,sadness,14,03-01-04-01-02-01-14,train
D:\projects\aiml\data\ravdess\raw\Actor_14\03-01-04-01-02-02-14.wav,sadness,14,03-01-04-01-02-02-14,train
D:\projects\aiml\data\ravdess\raw\Actor_14\03-01-04-02-01-01-14.wav,sadness,14,03-01-04-02-01-01-14,train
D:\projects\aiml\data\ravdess\raw\Actor_14\03-01-04-02-01-02-14.wav,sadness,14,03-01-04-02-01-02-14,train
D:\projects\aiml\data\ravdess\raw\Actor_14\03-01-04-02-02-01-14.wav,sadness,14,03-01-04-02-02-01-14,train
D:\projects\aiml\data\ravdess\raw\Actor_14\03-01-04-02-02-02-14.wav,sadness,14,03-01-04-02-02-02-14,train
D:\projects\aiml\data\ravdess\raw\Actor_14\03-01-05-01-01-01-14.wav,anger,14,03-01-05-01-01-01-14,train
D:\projects\aiml\data\ravdess\raw\Actor_14\03-01-05-01-01-02-14.wav,anger,14,03-01-05-01-01-02-14,train
D:\projects\aiml\data\ravdess\raw\Actor_14\03-01-05-01-02-01-14.wav,anger,14,03-01-05-01-02-01-14,train
D:\projects\aiml\data\ravdess\raw\Actor_14\03-01-05-01-02-02-14.wav,anger,14,03-01-05-01-02-02-14,train
D:\projects\aiml\data\ravdess\raw\Actor_14\03-01-05-02-01-01-14.wav,anger,14,03-01-05-02-01-01-14,train
D:\projects\aiml\data\ravdess\raw\Actor_14\03-01-05-02-01-02-14.wav,anger,14,03-01-05-02-01-02-14,train
D:\projects\aiml\data\ravdess\raw\Actor_14\03-01-05-02-02-01-14.wav,anger,14,03-01-05-02-02-01-14,train
D:\projects\aiml\data\ravdess\raw\Actor_14\03-01-05-02-02-02-14.wav,anger,14,03-01-05-02-02-02-14,train
D:\projects\aiml\data\ravdess\raw\Actor_14\03-01-06-01-01-01-14.wav,fear,14,03-01-06-01-01-01-14,train
D:\projects\aiml\data\ravdess\raw\Actor_14\03-01-06-01-01-02-14.wav,fear,14,03-01-06-01-01-02-14,train
D:\projects\aiml\data\ravdess\raw\Actor_14\03-01-06-01-02-01-14.wav,fear,14,03-01-06-01-02-01-14,train
D:\projects\aiml\data\ravdess\raw\Actor_14\03-01-06-01-02-02-14.wav,fear,14,03-01-06-01-02-02-14,train
D:\projects\aiml\data\ravdess\raw\Actor_14\03-01-06-02-01-01-14.wav,fear,14,03-01-06-02-01-01-14,train
D:\projects\aiml\data\ravdess\raw\Actor_14\03-01-06-02-01-02-14.wav,fear,14,03-01-06-02-01-02-14,train
D:\projects\aiml\data\ravdess\raw\Actor_14\03-01-06-02-02-01-14.wav,fear,14,03-01-06-02-02-01-14,train
D:\projects\aiml\data\ravdess\raw\Actor_14\03-01-06-02-02-02-14.wav,fear,14,03-01-06-02-02-02-14,train
D:\projects\aiml\data\ravdess\raw\Actor_14\03-01-07-01-01-01-14.wav,disgust,14,03-01-07-01-01-01-14,train
D:\projects\aiml\data\ravdess\raw\Actor_14\03-01-07-01-01-02-14.wav,disgust,14,03-01-07-01-01-02-14,train
D:\projects\aiml\data\ravdess\raw\Actor_14\03-01-07-01-02-01-14.wav,disgust,14,03-01-07-01-02-01-14,train
D:\projects\aiml\data\ravdess\raw\Actor_14\03-01-07-01-02-02-14.wav,disgust,14,03-01-07-01-02-02-14,train
D:\projects\aiml\data\ravdess\raw\Actor_14\03-01-07-02-01-01-14.wav,disgust,14,03-01-07-02-01-01-14,train
D:\projects\aiml\data\ravdess\raw\Actor_14\03-01-07-02-01-02-14.wav,disgust,14,03-01-07-02-01-02-14,train
D:\projects\aiml\data\ravdess\raw\Actor_14\03-01-07-02-02-01-14.wav,disgust,14,03-01-07-02-02-01-14,train
D:\projects\aiml\data\ravdess\raw\Actor_14\03-01-07-02-02-02-14.wav,disgust,14,03-01-07-02-02-02-14,train
D:\projects\aiml\data\ravdess\raw\Actor_14\03-01-08-01-01-01-14.wav,surprise,14,03-01-08-01-01-01-14,train
D:\projects\aiml\data\ravdess\raw\Actor_14\03-01-08-01-01-02-14.wav,surprise,14,03-01-08-01-01-02-14,train
D:\projects\aiml\data\ravdess\raw\Actor_14\03-01-08-01-02-01-14.wav,surprise,14,03-01-08-01-02-01-14,train
D:\projects\aiml\data\ravdess\raw\Actor_14\03-01-08-01-02-02-14.wav,surprise,14,03-01-08-01-02-02-14,train
D:\projects\aiml\data\ravdess\raw\Actor_14\03-01-08-02-01-01-14.wav,surprise,14,03-01-08-02-01-01-14,train
D:\projects\aiml\data\ravdess\raw\Actor_14\03-01-08-02-01-02-14.wav,surprise,14,03-01-08-02-01-02-14,train
D:\projects\aiml\data\ravdess\raw\Actor_14\03-01-08-02-02-01-14.wav,surprise,14,03-01-08-02-02-01-14,train
D:\projects\aiml\data\ravdess\raw\Actor_14\03-01-08-02-02-02-14.wav,surprise,14,03-01-08-02-02-02-14,train
D:\projects\aiml\data\ravdess\raw\Actor_15\03-01-01-01-01-01-15.wav,neutral,15,03-01-01-01-01-01-15,train
D:\projects\aiml\data\ravdess\raw\Actor_15\03-01-01-01-01-02-15.wav,neutral,15,03-01-01-01-01-02-15,train
D:\projects\aiml\data\ravdess\raw\Actor_15\03-01-01-01-02-01-15.wav,neutral,15,03-01-01-01-02-01-15,train
D:\projects\aiml\data\ravdess\raw\Actor_15\03-01-01-01-02-02-15.wav,neutral,15,03-01-01-01-02-02-15,train
D:\projects\aiml\data\ravdess\raw\Actor_15\03-01-02-01-01-01-15.wav,neutral,15,03-01-02-01-01-01-15,train
D:\projects\aiml\data\ravdess\raw\Actor_15\03-01-02-01-01-02-15.wav,neutral,15,03-01-02-01-01-02-15,train
D:\projects\aiml\data\ravdess\raw\Actor_15\03-01-02-01-02-01-15.wav,neutral,15,03-01-02-01-02-01-15,train
D:\projects\aiml\data\ravdess\raw\Actor_15\03-01-02-01-02-02-15.wav,neutral,15,03-01-02-01-02-02-15,train
D:\projects\aiml\data\ravdess\raw\Actor_15\03-01-02-02-01-01-15.wav,neutral,15,03-01-02-02-01-01-15,train
D:\projects\aiml\data\ravdess\raw\Actor_15\03-01-02-02-01-02-15.wav,neutral,15,03-01-02-02-01-02-15,train
D:\projects\aiml\data\ravdess\raw\Actor_15\03-01-02-02-02-01-15.wav,neutral,15,03-01-02-02-02-01-15,train
D:\projects\aiml\data\ravdess\raw\Actor_15\03-01-02-02-02-02-15.wav,neutral,15,03-01-02-02-02-02-15,train
D:\projects\aiml\data\ravdess\raw\Actor_15\03-01-03-01-01-01-15.wav,joy,15,03-01-03-01-01-01-15,train
D:\projects\aiml\data\ravdess\raw\Actor_15\03-01-03-01-01-02-15.wav,joy,15,03-01-03-01-01-02-15,train
D:\projects\aiml\data\ravdess\raw\Actor_15\03-01-03-01-02-01-15.wav,joy,15,03-01-03-01-02-01-15,train
D:\projects\aiml\data\ravdess\raw\Actor_15\03-01-03-01-02-02-15.wav,joy,15,03-01-03-01-02-02-15,train
D:\projects\aiml\data\ravdess\raw\Actor_15\03-01-03-02-01-01-15.wav,joy,15,03-01-03-02-01-01-15,train
D:\projects\aiml\data\ravdess\raw\Actor_15\03-01-03-02-01-02-15.wav,joy,15,03-01-03-02-01-02-15,train
D:\projects\aiml\data\ravdess\raw\Actor_15\03-01-03-02-02-01-15.wav,joy,15,03-01-03-02-02-01-15,train
D:\projects\aiml\data\ravdess\raw\Actor_15\03-01-03-02-02-02-15.wav,joy,15,03-01-03-02-02-02-15,train
D:\projects\aiml\data\ravdess\raw\Actor_15\03-01-04-01-01-01-15.wav,sadness,15,03-01-04-01-01-01-15,train
D:\projects\aiml\data\ravdess\raw\Actor_15\03-01-04-01-01-02-15.wav,sadness,15,03-01-04-01-01-02-15,train
D:\projects\aiml\data\ravdess\raw\Actor_15\03-01-04-01-02-01-15.wav,sadness,15,03-01-04-01-02-01-15,train
D:\projects\aiml\data\ravdess\raw\Actor_15\03-01-04-01-02-02-15.wav,sadness,15,03-01-04-01-02-02-15,train
D:\projects\aiml\data\ravdess\raw\Actor_15\03-01-04-02-01-01-15.wav,sadness,15,03-01-04-02-01-01-15,train
D:\projects\aiml\data\ravdess\raw\Actor_15\03-01-04-02-01-02-15.wav,sadness,15,03-01-04-02-01-02-15,train
D:\projects\aiml\data\ravdess\raw\Actor_15\03-01-04-02-02-01-15.wav,sadness,15,03-01-04-02-02-01-15,train
D:\projects\aiml\data\ravdess\raw\Actor_15\03-01-04-02-02-02-15.wav,sadness,15,03-01-04-02-02-02-15,train
D:\projects\aiml\data\ravdess\raw\Actor_15\03-01-05-01-01-01-15.wav,anger,15,03-01-05-01-01-01-15,train
D:\projects\aiml\data\ravdess\raw\Actor_15\03-01-05-01-01-02-15.wav,anger,15,03-01-05-01-01-02-15,train
D:\projects\aiml\data\ravdess\raw\Actor_15\03-01-05-01-02-01-15.wav,anger,15,03-01-05-01-02-01-15,train
D:\projects\aiml\data\ravdess\raw\Actor_15\03-01-05-01-02-02-15.wav,anger,15,03-01-05-01-02-02-15,train
D:\projects\aiml\data\ravdess\raw\Actor_15\03-01-05-02-01-01-15.wav,anger,15,03-01-05-02-01-01-15,train
D:\projects\aiml\data\ravdess\raw\Actor_15\03-01-05-02-01-02-15.wav,anger,15,03-01-05-02-01-02-15,train
D:\projects\aiml\data\ravdess\raw\Actor_15\03-01-05-02-02-01-15.wav,anger,15,03-01-05-02-02-01-15,train
D:\projects\aiml\data\ravdess\raw\Actor_15\03-01-05-02-02-02-15.wav,anger,15,03-01-05-02-02-02-15,train
D:\projects\aiml\data\ravdess\raw\Actor_15\03-01-06-01-01-01-15.wav,fear,15,03-01-06-01-01-01-15,train
D:\projects\aiml\data\ravdess\raw\Actor_15\03-01-06-01-01-02-15.wav,fear,15,03-01-06-01-01-02-15,train
D:\projects\aiml\data\ravdess\raw\Actor_15\03-01-06-01-02-01-15.wav,fear,15,03-01-06-01-02-01-15,train
D:\projects\aiml\data\ravdess\raw\Actor_15\03-01-06-01-02-02-15.wav,fear,15,03-01-06-01-02-02-15,train
D:\projects\aiml\data\ravdess\raw\Actor_15\03-01-06-02-01-01-15.wav,fear,15,03-01-06-02-01-01-15,train
D:\projects\aiml\data\ravdess\raw\Actor_15\03-01-06-02-01-02-15.wav,fear,15,03-01-06-02-01-02-15,train
D:\projects\aiml\data\ravdess\raw\Actor_15\03-01-06-02-02-01-15.wav,fear,15,03-01-06-02-02-01-15,train
D:\projects\aiml\data\ravdess\raw\Actor_15\03-01-06-02-02-02-15.wav,fear,15,03-01-06-02-02-02-15,train
D:\projects\aiml\data\ravdess\raw\Actor_15\03-01-07-01-01-01-15.wav,disgust,15,03-01-07-01-01-01-15,train
D:\projects\aiml\data\ravdess\raw\Actor_15\03-01-07-01-01-02-15.wav,disgust,15,03-01-07-01-01-02-15,train
D:\projects\aiml\data\ravdess\raw\Actor_15\03-01-07-01-02-01-15.wav,disgust,15,03-01-07-01-02-01-15,train
D:\projects\aiml\data\ravdess\raw\Actor_15\03-01-07-01-02-02-15.wav,disgust,15,03-01-07-01-02-02-15,train
D:\projects\aiml\data\ravdess\raw\Actor_15\03-01-07-02-01-01-15.wav,disgust,15,03-01-07-02-01-01-15,train
D:\projects\aiml\data\ravdess\raw\Actor_15\03-01-07-02-01-02-15.wav,disgust,15,03-01-07-02-01-02-15,train
D:\projects\aiml\data\ravdess\raw\Actor_15\03-01-07-02-02-01-15.wav,disgust,15,03-01-07-02-02-01-15,train
D:\projects\aiml\data\ravdess\raw\Actor_15\03-01-07-02-02-02-15.wav,disgust,15,03-01-07-02-02-02-15,train
D:\projects\aiml\data\ravdess\raw\Actor_15\03-01-08-01-01-01-15.wav,surprise,15,03-01-08-01-01-01-15,train
D:\projects\aiml\data\ravdess\raw\Actor_15\03-01-08-01-01-02-15.wav,surprise,15,03-01-08-01-01-02-15,train
D:\projects\aiml\data\ravdess\raw\Actor_15\03-01-08-01-02-01-15.wav,surprise,15,03-01-08-01-02-01-15,train
D:\projects\aiml\data\ravdess\raw\Actor_15\03-01-08-01-02-02-15.wav,surprise,15,03-01-08-01-02-02-15,train
D:\projects\aiml\data\ravdess\raw\Actor_15\03-01-08-02-01-01-15.wav,surprise,15,03-01-08-02-01-01-15,train
D:\projects\aiml\data\ravdess\raw\Actor_15\03-01-08-02-01-02-15.wav,surprise,15,03-01-08-02-01-02-15,train
D:\projects\aiml\data\ravdess\raw\Actor_15\03-01-08-02-02-01-15.wav,surprise,15,03-01-08-02-02-01-15,train
D:\projects\aiml\data\ravdess\raw\Actor_15\03-01-08-02-02-02-15.wav,surprise,15,03-01-08-02-02-02-15,train
D:\projects\aiml\data\ravdess\raw\Actor_16\03-01-01-01-01-01-16.wav,neutral,16,03-01-01-01-01-01-16,train
D:\projects\aiml\data\ravdess\raw\Actor_16\03-01-01-01-01-02-16.wav,neutral,16,03-01-01-01-01-02-16,train
D:\projects\aiml\data\ravdess\raw\Actor_16\03-01-01-01-02-01-16.wav,neutral,16,03-01-01-01-02-01-16,train
D:\projects\aiml\data\ravdess\raw\Actor_16\03-01-01-01-02-02-16.wav,neutral,16,03-01-01-01-02-02-16,train
D:\projects\aiml\data\ravdess\raw\Actor_16\03-01-02-01-01-01-16.wav,neutral,16,03-01-02-01-01-01-16,train
D:\projects\aiml\data\ravdess\raw\Actor_16\03-01-02-01-01-02-16.wav,neutral,16,03-01-02-01-01-02-16,train
D:\projects\aiml\data\ravdess\raw\Actor_16\03-01-02-01-02-01-16.wav,neutral,16,03-01-02-01-02-01-16,train
D:\projects\aiml\data\ravdess\raw\Actor_16\03-01-02-01-02-02-16.wav,neutral,16,03-01-02-01-02-02-16,train
D:\projects\aiml\data\ravdess\raw\Actor_16\03-01-02-02-01-01-16.wav,neutral,16,03-01-02-02-01-01-16,train
D:\projects\aiml\data\ravdess\raw\Actor_16\03-01-02-02-01-02-16.wav,neutral,16,03-01-02-02-01-02-16,train
D:\projects\aiml\data\ravdess\raw\Actor_16\03-01-02-02-02-01-16.wav,neutral,16,03-01-02-02-02-01-16,train
D:\projects\aiml\data\ravdess\raw\Actor_16\03-01-02-02-02-02-16.wav,neutral,16,03-01-02-02-02-02-16,train
D:\projects\aiml\data\ravdess\raw\Actor_16\03-01-03-01-01-01-16.wav,joy,16,03-01-03-01-01-01-16,train
D:\projects\aiml\data\ravdess\raw\Actor_16\03-01-03-01-01-02-16.wav,joy,16,03-01-03-01-01-02-16,train
D:\projects\aiml\data\ravdess\raw\Actor_16\03-01-03-01-02-01-16.wav,joy,16,03-01-03-01-02-01-16,train
D:\projects\aiml\data\ravdess\raw\Actor_16\03-01-03-01-02-02-16.wav,joy,16,03-01-03-01-02-02-16,train
D:\projects\aiml\data\ravdess\raw\Actor_16\03-01-03-02-01-01-16.wav,joy,16,03-01-03-02-01-01-16,train
D:\projects\aiml\data\ravdess\raw\Actor_16\03-01-03-02-01-02-16.wav,joy,16,03-01-03-02-01-02-16,train
D:\projects\aiml\data\ravdess\raw\Actor_16\03-01-03-02-02-01-16.wav,joy,16,03-01-03-02-02-01-16,train
D:\projects\aiml\data\ravdess\raw\Actor_16\03-01-03-02-02-02-16.wav,joy,16,03-01-03-02-02-02-16,train
D:\projects\aiml\data\ravdess\raw\Actor_16\03-01-04-01-01-01-16.wav,sadness,16,03-01-04-01-01-01-16,train
D:\projects\aiml\data\ravdess\raw\Actor_16\03-01-04-01-01-02-16.wav,sadness,16,03-01-04-01-01-02-16,train
D:\projects\aiml\data\ravdess\raw\Actor_16\03-01-04-01-02-01-16.wav,sadness,16,03-01-04-01-02-01-16,train
D:\projects\aiml\data\ravdess\raw\Actor_16\03-01-04-01-02-02-16.wav,sadness,16,03-01-04-01-02-02-16,train
D:\projects\aiml\data\ravdess\raw\Actor_16\03-01-04-02-01-01-16.wav,sadness,16,03-01-04-02-01-01-16,train
D:\projects\aiml\data\ravdess\raw\Actor_16\03-01-04-02-01-02-16.wav,sadness,16,03-01-04-02-01-02-16,train
D:\projects\aiml\data\ravdess\raw\Actor_16\03-01-04-02-02-01-16.wav,sadness,16,03-01-04-02-02-01-16,train
D:\projects\aiml\data\ravdess\raw\Actor_16\03-01-04-02-02-02-16.wav,sadness,16,03-01-04-02-02-02-16,train
D:\projects\aiml\data\ravdess\raw\Actor_16\03-01-05-01-01-01-16.wav,anger,16,03-01-05-01-01-01-16,train
D:\projects\aiml\data\ravdess\raw\Actor_16\03-01-05-01-01-02-16.wav,anger,16,03-01-05-01-01-02-16,train
D:\projects\aiml\data\ravdess\raw\Actor_16\03-01-05-01-02-01-16.wav,anger,16,03-01-05-01-02-01-16,train
D:\projects\aiml\data\ravdess\raw\Actor_16\03-01-05-01-02-02-16.wav,anger,16,03-01-05-01-02-02-16,train
D:\projects\aiml\data\ravdess\raw\Actor_16\03-01-05-02-01-01-16.wav,anger,16,03-01-05-02-01-01-16,train
D:\projects\aiml\data\ravdess\raw\Actor_16\03-01-05-02-01-02-16.wav,anger,16,03-01-05-02-01-02-16,train
D:\projects\aiml\data\ravdess\raw\Actor_16\03-01-05-02-02-01-16.wav,anger,16,03-01-05-02-02-01-16,train
D:\projects\aiml\data\ravdess\raw\Actor_16\03-01-05-02-02-02-16.wav,anger,16,03-01-05-02-02-02-16,train
D:\projects\aiml\data\ravdess\raw\Actor_16\03-01-06-01-01-01-16.wav,fear,16,03-01-06-01-01-01-16,train
D:\projects\aiml\data\ravdess\raw\Actor_16\03-01-06-01-01-02-16.wav,fear,16,03-01-06-01-01-02-16,train
D:\projects\aiml\data\ravdess\raw\Actor_16\03-01-06-01-02-01-16.wav,fear,16,03-01-06-01-02-01-16,train
D:\projects\aiml\data\ravdess\raw\Actor_16\03-01-06-01-02-02-16.wav,fear,16,03-01-06-01-02-02-16,train
D:\projects\aiml\data\ravdess\raw\Actor_16\03-01-06-02-01-01-16.wav,fear,16,03-01-06-02-01-01-16,train
D:\projects\aiml\data\ravdess\raw\Actor_16\03-01-06-02-01-02-16.wav,fear,16,03-01-06-02-01-02-16,train
D:\projects\aiml\data\ravdess\raw\Actor_16\03-01-06-02-02-01-16.wav,fear,16,03-01-06-02-02-01-16,train
D:\projects\aiml\data\ravdess\raw\Actor_16\03-01-06-02-02-02-16.wav,fear,16,03-01-06-02-02-02-16,train
D:\projects\aiml\data\ravdess\raw\Actor_16\03-01-07-01-01-01-16.wav,disgust,16,03-01-07-01-01-01-16,train
D:\projects\aiml\data\ravdess\raw\Actor_16\03-01-07-01-01-02-16.wav,disgust,16,03-01-07-01-01-02-16,train
D:\projects\aiml\data\ravdess\raw\Actor_16\03-01-07-01-02-01-16.wav,disgust,16,03-01-07-01-02-01-16,train
D:\projects\aiml\data\ravdess\raw\Actor_16\03-01-07-01-02-02-16.wav,disgust,16,03-01-07-01-02-02-16,train
D:\projects\aiml\data\ravdess\raw\Actor_16\03-01-07-02-01-01-16.wav,disgust,16,03-01-07-02-01-01-16,train
D:\projects\aiml\data\ravdess\raw\Actor_16\03-01-07-02-01-02-16.wav,disgust,16,03-01-07-02-01-02-16,train
D:\projects\aiml\data\ravdess\raw\Actor_16\03-01-07-02-02-01-16.wav,disgust,16,03-01-07-02-02-01-16,train
D:\projects\aiml\data\ravdess\raw\Actor_16\03-01-07-02-02-02-16.wav,disgust,16,03-01-07-02-02-02-16,train
D:\projects\aiml\data\ravdess\raw\Actor_16\03-01-08-01-01-01-16.wav,surprise,16,03-01-08-01-01-01-16,train
D:\projects\aiml\data\ravdess\raw\Actor_16\03-01-08-01-01-02-16.wav,surprise,16,03-01-08-01-01-02-16,train
D:\projects\aiml\data\ravdess\raw\Actor_16\03-01-08-01-02-01-16.wav,surprise,16,03-01-08-01-02-01-16,train
D:\projects\aiml\data\ravdess\raw\Actor_16\03-01-08-01-02-02-16.wav,surprise,16,03-01-08-01-02-02-16,train
D:\projects\aiml\data\ravdess\raw\Actor_16\03-01-08-02-01-01-16.wav,surprise,16,03-01-08-02-01-01-16,train
D:\projects\aiml\data\ravdess\raw\Actor_16\03-01-08-02-01-02-16.wav,surprise,16,03-01-08-02-01-02-16,train
D:\projects\aiml\data\ravdess\raw\Actor_16\03-01-08-02-02-01-16.wav,surprise,16,03-01-08-02-02-01-16,train
D:\projects\aiml\data\ravdess\raw\Actor_16\03-01-08-02-02-02-16.wav,surprise,16,03-01-08-02-02-02-16,train
D:\projects\aiml\data\ravdess\raw\Actor_17\03-01-01-01-01-01-17.wav,neutral,17,03-01-01-01-01-01-17,train
D:\projects\aiml\data\ravdess\raw\Actor_17\03-01-01-01-01-02-17.wav,neutral,17,03-01-01-01-01-02-17,train
D:\projects\aiml\data\ravdess\raw\Actor_17\03-01-01-01-02-01-17.wav,neutral,17,03-01-01-01-02-01-17,train
D:\projects\aiml\data\ravdess\raw\Actor_17\03-01-01-01-02-02-17.wav,neutral,17,03-01-01-01-02-02-17,train
D:\projects\aiml\data\ravdess\raw\Actor_17\03-01-02-01-01-01-17.wav,neutral,17,03-01-02-01-01-01-17,train
D:\projects\aiml\data\ravdess\raw\Actor_17\03-01-02-01-01-02-17.wav,neutral,17,03-01-02-01-01-02-17,train
D:\projects\aiml\data\ravdess\raw\Actor_17\03-01-02-01-02-01-17.wav,neutral,17,03-01-02-01-02-01-17,train
D:\projects\aiml\data\ravdess\raw\Actor_17\03-01-02-01-02-02-17.wav,neutral,17,03-01-02-01-02-02-17,train
D:\projects\aiml\data\ravdess\raw\Actor_17\03-01-02-02-01-01-17.wav,neutral,17,03-01-02-02-01-01-17,train
D:\projects\aiml\data\ravdess\raw\Actor_17\03-01-02-02-01-02-17.wav,neutral,17,03-01-02-02-01-02-17,train
D:\projects\aiml\data\ravdess\raw\Actor_17\03-01-02-02-02-01-17.wav,neutral,17,03-01-02-02-02-01-17,train
D:\projects\aiml\data\ravdess\raw\Actor_17\03-01-02-02-02-02-17.wav,neutral,17,03-01-02-02-02-02-17,train
D:\projects\aiml\data\ravdess\raw\Actor_17\03-01-03-01-01-01-17.wav,joy,17,03-01-03-01-01-01-17,train
D:\projects\aiml\data\ravdess\raw\Actor_17\03-01-03-01-01-02-17.wav,joy,17,03-01-03-01-01-02-17,train
D:\projects\aiml\data\ravdess\raw\Actor_17\03-01-03-01-02-01-17.wav,joy,17,03-01-03-01-02-01-17,train
D:\projects\aiml\data\ravdess\raw\Actor_17\03-01-03-01-02-02-17.wav,joy,17,03-01-03-01-02-02-17,train
D:\projects\aiml\data\ravdess\raw\Actor_17\03-01-03-02-01-01-17.wav,joy,17,03-01-03-02-01-01-17,train
D:\projects\aiml\data\ravdess\raw\Actor_17\03-01-03-02-01-02-17.wav,joy,17,03-01-03-02-01-02-17,train
D:\projects\aiml\data\ravdess\raw\Actor_17\03-01-03-02-02-01-17.wav,joy,17,03-01-03-02-02-01-17,train
D:\projects\aiml\data\ravdess\raw\Actor_17\03-01-03-02-02-02-17.wav,joy,17,03-01-03-02-02-02-17,train
D:\projects\aiml\data\ravdess\raw\Actor_17\03-01-04-01-01-01-17.wav,sadness,17,03-01-04-01-01-01-17,train
D:\projects\aiml\data\ravdess\raw\Actor_17\03-01-04-01-01-02-17.wav,sadness,17,03-01-04-01-01-02-17,train
D:\projects\aiml\data\ravdess\raw\Actor_17\03-01-04-01-02-01-17.wav,sadness,17,03-01-04-01-02-01-17,train
D:\projects\aiml\data\ravdess\raw\Actor_17\03-01-04-01-02-02-17.wav,sadness,17,03-01-04-01-02-02-17,train
D:\projects\aiml\data\ravdess\raw\Actor_17\03-01-04-02-01-01-17.wav,sadness,17,03-01-04-02-01-01-17,train
D:\projects\aiml\data\ravdess\raw\Actor_17\03-01-04-02-01-02-17.wav,sadness,17,03-01-04-02-01-02-17,train
D:\projects\aiml\data\ravdess\raw\Actor_17\03-01-04-02-02-01-17.wav,sadness,17,03-01-04-02-02-01-17,train
D:\projects\aiml\data\ravdess\raw\Actor_17\03-01-04-02-02-02-17.wav,sadness,17,03-01-04-02-02-02-17,train
D:\projects\aiml\data\ravdess\raw\Actor_17\03-01-05-01-01-01-17.wav,anger,17,03-01-05-01-01-01-17,train
D:\projects\aiml\data\ravdess\raw\Actor_17\03-01-05-01-01-02-17.wav,anger,17,03-01-05-01-01-02-17,train
D:\projects\aiml\data\ravdess\raw\Actor_17\03-01-05-01-02-01-17.wav,anger,17,03-01-05-01-02-01-17,train
D:\projects\aiml\data\ravdess\raw\Actor_17\03-01-05-01-02-02-17.wav,anger,17,03-01-05-01-02-02-17,train
D:\projects\aiml\data\ravdess\raw\Actor_17\03-01-05-02-01-01-17.wav,anger,17,03-01-05-02-01-01-17,train
D:\projects\aiml\data\ravdess\raw\Actor_17\03-01-05-02-01-02-17.wav,anger,17,03-01-05-02-01-02-17,train
D:\projects\aiml\data\ravdess\raw\Actor_17\03-01-05-02-02-01-17.wav,anger,17,03-01-05-02-02-01-17,train
D:\projects\aiml\data\ravdess\raw\Actor_17\03-01-05-02-02-02-17.wav,anger,17,03-01-05-02-02-02-17,train
D:\projects\aiml\data\ravdess\raw\Actor_17\03-01-06-01-01-01-17.wav,fear,17,03-01-06-01-01-01-17,train
D:\projects\aiml\data\ravdess\raw\Actor_17\03-01-06-01-01-02-17.wav,fear,17,03-01-06-01-01-02-17,train
D:\projects\aiml\data\ravdess\raw\Actor_17\03-01-06-01-02-01-17.wav,fear,17,03-01-06-01-02-01-17,train
D:\projects\aiml\data\ravdess\raw\Actor_17\03-01-06-01-02-02-17.wav,fear,17,03-01-06-01-02-02-17,train
D:\projects\aiml\data\ravdess\raw\Actor_17\03-01-06-02-01-01-17.wav,fear,17,03-01-06-02-01-01-17,train
D:\projects\aiml\data\ravdess\raw\Actor_17\03-01-06-02-01-02-17.wav,fear,17,03-01-06-02-01-02-17,train
D:\projects\aiml\data\ravdess\raw\Actor_17\03-01-06-02-02-01-17.wav,fear,17,03-01-06-02-02-01-17,train
D:\projects\aiml\data\ravdess\raw\Actor_17\03-01-06-02-02-02-17.wav,fear,17,03-01-06-02-02-02-17,train
D:\projects\aiml\data\ravdess\raw\Actor_17\03-01-07-01-01-01-17.wav,disgust,17,03-01-07-01-01-01-17,train
D:\projects\aiml\data\ravdess\raw\Actor_17\03-01-07-01-01-02-17.wav,disgust,17,03-01-07-01-01-02-17,train
D:\projects\aiml\data\ravdess\raw\Actor_17\03-01-07-01-02-01-17.wav,disgust,17,03-01-07-01-02-01-17,train
D:\projects\aiml\data\ravdess\raw\Actor_17\03-01-07-01-02-02-17.wav,disgust,17,03-01-07-01-02-02-17,train
D:\projects\aiml\data\ravdess\raw\Actor_17\03-01-07-02-01-01-17.wav,disgust,17,03-01-07-02-01-01-17,train
D:\projects\aiml\data\ravdess\raw\Actor_17\03-01-07-02-01-02-17.wav,disgust,17,03-01-07-02-01-02-17,train
D:\projects\aiml\data\ravdess\raw\Actor_17\03-01-07-02-02-01-17.wav,disgust,17,03-01-07-02-02-01-17,train
D:\projects\aiml\data\ravdess\raw\Actor_17\03-01-07-02-02-02-17.wav,disgust,17,03-01-07-02-02-02-17,train
D:\projects\aiml\data\ravdess\raw\Actor_17\03-01-08-01-01-01-17.wav,surprise,17,03-01-08-01-01-01-17,train
D:\projects\aiml\data\ravdess\raw\Actor_17\03-01-08-01-01-02-17.wav,surprise,17,03-01-08-01-01-02-17,train
D:\projects\aiml\data\ravdess\raw\Actor_17\03-01-08-01-02-01-17.wav,surprise,17,03-01-08-01-02-01-17,train
D:\projects\aiml\data\ravdess\raw\Actor_17\03-01-08-01-02-02-17.wav,surprise,17,03-01-08-01-02-02-17,train
D:\projects\aiml\data\ravdess\raw\Actor_17\03-01-08-02-01-01-17.wav,surprise,17,03-01-08-02-01-01-17,train
D:\projects\aiml\data\ravdess\raw\Actor_17\03-01-08-02-01-02-17.wav,surprise,17,03-01-08-02-01-02-17,train
D:\projects\aiml\data\ravdess\raw\Actor_17\03-01-08-02-02-01-17.wav,surprise,17,03-01-08-02-02-01-17,train
D:\projects\aiml\data\ravdess\raw\Actor_17\03-01-08-02-02-02-17.wav,surprise,17,03-01-08-02-02-02-17,train
D:\projects\aiml\data\ravdess\raw\Actor_18\03-01-01-01-01-01-18.wav,neutral,18,03-01-01-01-01-01-18,train
D:\projects\aiml\data\ravdess\raw\Actor_18\03-01-01-01-01-02-18.wav,neutral,18,03-01-01-01-01-02-18,train
D:\projects\aiml\data\ravdess\raw\Actor_18\03-01-01-01-02-01-18.wav,neutral,18,03-01-01-01-02-01-18,train
D:\projects\aiml\data\ravdess\raw\Actor_18\03-01-01-01-02-02-18.wav,neutral,18,03-01-01-01-02-02-18,train
D:\projects\aiml\data\ravdess\raw\Actor_18\03-01-02-01-01-01-18.wav,neutral,18,03-01-02-01-01-01-18,train
D:\projects\aiml\data\ravdess\raw\Actor_18\03-01-02-01-01-02-18.wav,neutral,18,03-01-02-01-01-02-18,train
D:\projects\aiml\data\ravdess\raw\Actor_18\03-01-02-01-02-01-18.wav,neutral,18,03-01-02-01-02-01-18,train
D:\projects\aiml\data\ravdess\raw\Actor_18\03-01-02-01-02-02-18.wav,neutral,18,03-01-02-01-02-02-18,train
D:\projects\aiml\data\ravdess\raw\Actor_18\03-01-02-02-01-01-18.wav,neutral,18,03-01-02-02-01-01-18,train
D:\projects\aiml\data\ravdess\raw\Actor_18\03-01-02-02-01-02-18.wav,neutral,18,03-01-02-02-01-02-18,train
D:\projects\aiml\data\ravdess\raw\Actor_18\03-01-02-02-02-01-18.wav,neutral,18,03-01-02-02-02-01-18,train
D:\projects\aiml\data\ravdess\raw\Actor_18\03-01-02-02-02-02-18.wav,neutral,18,03-01-02-02-02-02-18,train
D:\projects\aiml\data\ravdess\raw\Actor_18\03-01-03-01-01-01-18.wav,joy,18,03-01-03-01-01-01-18,train
D:\projects\aiml\data\ravdess\raw\Actor_18\03-01-03-01-01-02-18.wav,joy,18,03-01-03-01-01-02-18,train
D:\projects\aiml\data\ravdess\raw\Actor_18\03-01-03-01-02-01-18.wav,joy,18,03-01-03-01-02-01-18,train
D:\projects\aiml\data\ravdess\raw\Actor_18\03-01-03-01-02-02-18.wav,joy,18,03-01-03-01-02-02-18,train
D:\projects\aiml\data\ravdess\raw\Actor_18\03-01-03-02-01-01-18.wav,joy,18,03-01-03-02-01-01-18,train
D:\projects\aiml\data\ravdess\raw\Actor_18\03-01-03-02-01-02-18.wav,joy,18,03-01-03-02-01-02-18,train
D:\projects\aiml\data\ravdess\raw\Actor_18\03-01-03-02-02-01-18.wav,joy,18,03-01-03-02-02-01-18,train
D:\projects\aiml\data\ravdess\raw\Actor_18\03-01-03-02-02-02-18.wav,joy,18,03-01-03-02-02-02-18,train
D:\projects\aiml\data\ravdess\raw\Actor_18\03-01-04-01-01-01-18.wav,sadness,18,03-01-04-01-01-01-18,train
D:\projects\aiml\data\ravdess\raw\Actor_18\03-01-04-01-01-02-18.wav,sadness,18,03-01-04-01-01-02-18,train
D:\projects\aiml\data\ravdess\raw\Actor_18\03-01-04-01-02-01-18.wav,sadness,18,03-01-04-01-02-01-18,train
D:\projects\aiml\data\ravdess\raw\Actor_18\03-01-04-01-02-02-18.wav,sadness,18,03-01-04-01-02-02-18,train
D:\projects\aiml\data\ravdess\raw\Actor_18\03-01-04-02-01-01-18.wav,sadness,18,03-01-04-02-01-01-18,train
D:\projects\aiml\data\ravdess\raw\Actor_18\03-01-04-02-01-02-18.wav,sadness,18,03-01-04-02-01-02-18,train
D:\projects\aiml\data\ravdess\raw\Actor_18\03-01-04-02-02-01-18.wav,sadness,18,03-01-04-02-02-01-18,train
D:\projects\aiml\data\ravdess\raw\Actor_18\03-01-04-02-02-02-18.wav,sadness,18,03-01-04-02-02-02-18,train
D:\projects\aiml\data\ravdess\raw\Actor_18\03-01-05-01-01-01-18.wav,anger,18,03-01-05-01-01-01-18,train
D:\projects\aiml\data\ravdess\raw\Actor_18\03-01-05-01-01-02-18.wav,anger,18,03-01-05-01-01-02-18,train
D:\projects\aiml\data\ravdess\raw\Actor_18\03-01-05-01-02-01-18.wav,anger,18,03-01-05-01-02-01-18,train
D:\projects\aiml\data\ravdess\raw\Actor_18\03-01-05-01-02-02-18.wav,anger,18,03-01-05-01-02-02-18,train
D:\projects\aiml\data\ravdess\raw\Actor_18\03-01-05-02-01-01-18.wav,anger,18,03-01-05-02-01-01-18,train
D:\projects\aiml\data\ravdess\raw\Actor_18\03-01-05-02-01-02-18.wav,anger,18,03-01-05-02-01-02-18,train
D:\projects\aiml\data\ravdess\raw\Actor_18\03-01-05-02-02-01-18.wav,anger,18,03-01-05-02-02-01-18,train
D:\projects\aiml\data\ravdess\raw\Actor_18\03-01-05-02-02-02-18.wav,anger,18,03-01-05-02-02-02-18,train
D:\projects\aiml\data\ravdess\raw\Actor_18\03-01-06-01-01-01-18.wav,fear,18,03-01-06-01-01-01-18,train
D:\projects\aiml\data\ravdess\raw\Actor_18\03-01-06-01-01-02-18.wav,fear,18,03-01-06-01-01-02-18,train
D:\projects\aiml\data\ravdess\raw\Actor_18\03-01-06-01-02-01-18.wav,fear,18,03-01-06-01-02-01-18,train
D:\projects\aiml\data\ravdess\raw\Actor_18\03-01-06-01-02-02-18.wav,fear,18,03-01-06-01-02-02-18,train
D:\projects\aiml\data\ravdess\raw\Actor_18\03-01-06-02-01-01-18.wav,fear,18,03-01-06-02-01-01-18,train
D:\projects\aiml\data\ravdess\raw\Actor_18\03-01-06-02-01-02-18.wav,fear,18,03-01-06-02-01-02-18,train
D:\projects\aiml\data\ravdess\raw\Actor_18\03-01-06-02-02-01-18.wav,fear,18,03-01-06-02-02-01-18,train
D:\projects\aiml\data\ravdess\raw\Actor_18\03-01-06-02-02-02-18.wav,fear,18,03-01-06-02-02-02-18,train
D:\projects\aiml\data\ravdess\raw\Actor_18\03-01-07-01-01-01-18.wav,disgust,18,03-01-07-01-01-01-18,train
D:\projects\aiml\data\ravdess\raw\Actor_18\03-01-07-01-01-02-18.wav,disgust,18,03-01-07-01-01-02-18,train
D:\projects\aiml\data\ravdess\raw\Actor_18\03-01-07-01-02-01-18.wav,disgust,18,03-01-07-01-02-01-18,train
D:\projects\aiml\data\ravdess\raw\Actor_18\03-01-07-01-02-02-18.wav,disgust,18,03-01-07-01-02-02-18,train
D:\projects\aiml\data\ravdess\raw\Actor_18\03-01-07-02-01-01-18.wav,disgust,18,03-01-07-02-01-01-18,train
D:\projects\aiml\data\ravdess\raw\Actor_18\03-01-07-02-01-02-18.wav,disgust,18,03-01-07-02-01-02-18,train
D:\projects\aiml\data\ravdess\raw\Actor_18\03-01-07-02-02-01-18.wav,disgust,18,03-01-07-02-02-01-18,train
D:\projects\aiml\data\ravdess\raw\Actor_18\03-01-07-02-02-02-18.wav,disgust,18,03-01-07-02-02-02-18,train
D:\projects\aiml\data\ravdess\raw\Actor_18\03-01-08-01-01-01-18.wav,surprise,18,03-01-08-01-01-01-18,train
D:\projects\aiml\data\ravdess\raw\Actor_18\03-01-08-01-01-02-18.wav,surprise,18,03-01-08-01-01-02-18,train
D:\projects\aiml\data\ravdess\raw\Actor_18\03-01-08-01-02-01-18.wav,surprise,18,03-01-08-01-02-01-18,train
D:\projects\aiml\data\ravdess\raw\Actor_18\03-01-08-01-02-02-18.wav,surprise,18,03-01-08-01-02-02-18,train
D:\projects\aiml\data\ravdess\raw\Actor_18\03-01-08-02-01-01-18.wav,surprise,18,03-01-08-02-01-01-18,train
D:\projects\aiml\data\ravdess\raw\Actor_18\03-01-08-02-01-02-18.wav,surprise,18,03-01-08-02-01-02-18,train
D:\projects\aiml\data\ravdess\raw\Actor_18\03-01-08-02-02-01-18.wav,surprise,18,03-01-08-02-02-01-18,train
D:\projects\aiml\data\ravdess\raw\Actor_18\03-01-08-02-02-02-18.wav,surprise,18,03-01-08-02-02-02-18,train
D:\projects\aiml\data\ravdess\raw\Actor_19\03-01-01-01-01-01-19.wav,neutral,19,03-01-01-01-01-01-19,train
D:\projects\aiml\data\ravdess\raw\Actor_19\03-01-01-01-01-02-19.wav,neutral,19,03-01-01-01-01-02-19,train
D:\projects\aiml\data\ravdess\raw\Actor_19\03-01-01-01-02-01-19.wav,neutral,19,03-01-01-01-02-01-19,train
D:\projects\aiml\data\ravdess\raw\Actor_19\03-01-01-01-02-02-19.wav,neutral,19,03-01-01-01-02-02-19,train
D:\projects\aiml\data\ravdess\raw\Actor_19\03-01-02-01-01-01-19.wav,neutral,19,03-01-02-01-01-01-19,train
D:\projects\aiml\data\ravdess\raw\Actor_19\03-01-02-01-01-02-19.wav,neutral,19,03-01-02-01-01-02-19,train
D:\projects\aiml\data\ravdess\raw\Actor_19\03-01-02-01-02-01-19.wav,neutral,19,03-01-02-01-02-01-19,train
D:\projects\aiml\data\ravdess\raw\Actor_19\03-01-02-01-02-02-19.wav,neutral,19,03-01-02-01-02-02-19,train
D:\projects\aiml\data\ravdess\raw\Actor_19\03-01-02-02-01-01-19.wav,neutral,19,03-01-02-02-01-01-19,train
D:\projects\aiml\data\ravdess\raw\Actor_19\03-01-02-02-01-02-19.wav,neutral,19,03-01-02-02-01-02-19,train
D:\projects\aiml\data\ravdess\raw\Actor_19\03-01-02-02-02-01-19.wav,neutral,19,03-01-02-02-02-01-19,train
D:\projects\aiml\data\ravdess\raw\Actor_19\03-01-02-02-02-02-19.wav,neutral,19,03-01-02-02-02-02-19,train
D:\projects\aiml\data\ravdess\raw\Actor_19\03-01-03-01-01-01-19.wav,joy,19,03-01-03-01-01-01-19,train
D:\projects\aiml\data\ravdess\raw\Actor_19\03-01-03-01-01-02-19.wav,joy,19,03-01-03-01-01-02-19,train
D:\projects\aiml\data\ravdess\raw\Actor_19\03-01-03-01-02-01-19.wav,joy,19,03-01-03-01-02-01-19,train
D:\projects\aiml\data\ravdess\raw\Actor_19\03-01-03-01-02-02-19.wav,joy,19,03-01-03-01-02-02-19,train
D:\projects\aiml\data\ravdess\raw\Actor_19\03-01-03-02-01-01-19.wav,joy,19,03-01-03-02-01-01-19,train
D:\projects\aiml\data\ravdess\raw\Actor_19\03-01-03-02-01-02-19.wav,joy,19,03-01-03-02-01-02-19,train
D:\projects\aiml\data\ravdess\raw\Actor_19\03-01-03-02-02-01-19.wav,joy,19,03-01-03-02-02-01-19,train
D:\projects\aiml\data\ravdess\raw\Actor_19\03-01-03-02-02-02-19.wav,joy,19,03-01-03-02-02-02-19,train
D:\projects\aiml\data\ravdess\raw\Actor_19\03-01-04-01-01-01-19.wav,sadness,19,03-01-04-01-01-01-19,train
D:\projects\aiml\data\ravdess\raw\Actor_19\03-01-04-01-01-02-19.wav,sadness,19,03-01-04-01-01-02-19,train
D:\projects\aiml\data\ravdess\raw\Actor_19\03-01-04-01-02-01-19.wav,sadness,19,03-01-04-01-02-01-19,train
D:\projects\aiml\data\ravdess\raw\Actor_19\03-01-04-01-02-02-19.wav,sadness,19,03-01-04-01-02-02-19,train
D:\projects\aiml\data\ravdess\raw\Actor_19\03-01-04-02-01-01-19.wav,sadness,19,03-01-04-02-01-01-19,train
D:\projects\aiml\data\ravdess\raw\Actor_19\03-01-04-02-01-02-19.wav,sadness,19,03-01-04-02-01-02-19,train
D:\projects\aiml\data\ravdess\raw\Actor_19\03-01-04-02-02-01-19.wav,sadness,19,03-01-04-02-02-01-19,train
D:\projects\aiml\data\ravdess\raw\Actor_19\03-01-04-02-02-02-19.wav,sadness,19,03-01-04-02-02-02-19,train
D:\projects\aiml\data\ravdess\raw\Actor_19\03-01-05-01-01-01-19.wav,anger,19,03-01-05-01-01-01-19,train
D:\projects\aiml\data\ravdess\raw\Actor_19\03-01-05-01-01-02-19.wav,anger,19,03-01-05-01-01-02-19,train
D:\projects\aiml\data\ravdess\raw\Actor_19\03-01-05-01-02-01-19.wav,anger,19,03-01-05-01-02-01-19,train
D:\projects\aiml\data\ravdess\raw\Actor_19\03-01-05-01-02-02-19.wav,anger,19,03-01-05-01-02-02-19,train
D:\projects\aiml\data\ravdess\raw\Actor_19\03-01-05-02-01-01-19.wav,anger,19,03-01-05-02-01-01-19,train
D:\projects\aiml\data\ravdess\raw\Actor_19\03-01-05-02-01-02-19.wav,anger,19,03-01-05-02-01-02-19,train
D:\projects\aiml\data\ravdess\raw\Actor_19\03-01-05-02-02-01-19.wav,anger,19,03-01-05-02-02-01-19,train
D:\projects\aiml\data\ravdess\raw\Actor_19\03-01-05-02-02-02-19.wav,anger,19,03-01-05-02-02-02-19,train
D:\projects\aiml\data\ravdess\raw\Actor_19\03-01-06-01-01-01-19.wav,fear,19,03-01-06-01-01-01-19,train
D:\projects\aiml\data\ravdess\raw\Actor_19\03-01-06-01-01-02-19.wav,fear,19,03-01-06-01-01-02-19,train
D:\projects\aiml\data\ravdess\raw\Actor_19\03-01-06-01-02-01-19.wav,fear,19,03-01-06-01-02-01-19,train
D:\projects\aiml\data\ravdess\raw\Actor_19\03-01-06-01-02-02-19.wav,fear,19,03-01-06-01-02-02-19,train
D:\projects\aiml\data\ravdess\raw\Actor_19\03-01-06-02-01-01-19.wav,fear,19,03-01-06-02-01-01-19,train
D:\projects\aiml\data\ravdess\raw\Actor_19\03-01-06-02-01-02-19.wav,fear,19,03-01-06-02-01-02-19,train
D:\projects\aiml\data\ravdess\raw\Actor_19\03-01-06-02-02-01-19.wav,fear,19,03-01-06-02-02-01-19,train
D:\projects\aiml\data\ravdess\raw\Actor_19\03-01-06-02-02-02-19.wav,fear,19,03-01-06-02-02-02-19,train
D:\projects\aiml\data\ravdess\raw\Actor_19\03-01-07-01-01-01-19.wav,disgust,19,03-01-07-01-01-01-19,train
D:\projects\aiml\data\ravdess\raw\Actor_19\03-01-07-01-01-02-19.wav,disgust,19,03-01-07-01-01-02-19,train
D:\projects\aiml\data\ravdess\raw\Actor_19\03-01-07-01-02-01-19.wav,disgust,19,03-01-07-01-02-01-19,train
D:\projects\aiml\data\ravdess\raw\Actor_19\03-01-07-01-02-02-19.wav,disgust,19,03-01-07-01-02-02-19,train
D:\projects\aiml\data\ravdess\raw\Actor_19\03-01-07-02-01-01-19.wav,disgust,19,03-01-07-02-01-01-19,train
D:\projects\aiml\data\ravdess\raw\Actor_19\03-01-07-02-01-02-19.wav,disgust,19,03-01-07-02-01-02-19,train
D:\projects\aiml\data\ravdess\raw\Actor_19\03-01-07-02-02-01-19.wav,disgust,19,03-01-07-02-02-01-19,train
D:\projects\aiml\data\ravdess\raw\Actor_19\03-01-07-02-02-02-19.wav,disgust,19,03-01-07-02-02-02-19,train
D:\projects\aiml\data\ravdess\raw\Actor_19\03-01-08-01-01-01-19.wav,surprise,19,03-01-08-01-01-01-19,train
D:\projects\aiml\data\ravdess\raw\Actor_19\03-01-08-01-01-02-19.wav,surprise,19,03-01-08-01-01-02-19,train
D:\projects\aiml\data\ravdess\raw\Actor_19\03-01-08-01-02-01-19.wav,surprise,19,03-01-08-01-02-01-19,train
D:\projects\aiml\data\ravdess\raw\Actor_19\03-01-08-01-02-02-19.wav,surprise,19,03-01-08-01-02-02-19,train
D:\projects\aiml\data\ravdess\raw\Actor_19\03-01-08-02-01-01-19.wav,surprise,19,03-01-08-02-01-01-19,train
D:\projects\aiml\data\ravdess\raw\Actor_19\03-01-08-02-01-02-19.wav,surprise,19,03-01-08-02-01-02-19,train
D:\projects\aiml\data\ravdess\raw\Actor_19\03-01-08-02-02-01-19.wav,surprise,19,03-01-08-02-02-01-19,train
D:\projects\aiml\data\ravdess\raw\Actor_19\03-01-08-02-02-02-19.wav,surprise,19,03-01-08-02-02-02-19,train
D:\projects\aiml\data\ravdess\raw\Actor_20\03-01-01-01-01-01-20.wav,neutral,20,03-01-01-01-01-01-20,train
D:\projects\aiml\data\ravdess\raw\Actor_20\03-01-01-01-01-02-20.wav,neutral,20,03-01-01-01-01-02-20,train
D:\projects\aiml\data\ravdess\raw\Actor_20\03-01-01-01-02-01-20.wav,neutral,20,03-01-01-01-02-01-20,train
D:\projects\aiml\data\ravdess\raw\Actor_20\03-01-01-01-02-02-20.wav,neutral,20,03-01-01-01-02-02-20,train
D:\projects\aiml\data\ravdess\raw\Actor_20\03-01-02-01-01-01-20.wav,neutral,20,03-01-02-01-01-01-20,train
D:\projects\aiml\data\ravdess\raw\Actor_20\03-01-02-01-01-02-20.wav,neutral,20,03-01-02-01-01-02-20,train
D:\projects\aiml\data\ravdess\raw\Actor_20\03-01-02-01-02-01-20.wav,neutral,20,03-01-02-01-02-01-20,train
D:\projects\aiml\data\ravdess\raw\Actor_20\03-01-02-01-02-02-20.wav,neutral,20,03-01-02-01-02-02-20,train
D:\projects\aiml\data\ravdess\raw\Actor_20\03-01-02-02-01-01-20.wav,neutral,20,03-01-02-02-01-01-20,train
D:\projects\aiml\data\ravdess\raw\Actor_20\03-01-02-02-01-02-20.wav,neutral,20,03-01-02-02-01-02-20,train
D:\projects\aiml\data\ravdess\raw\Actor_20\03-01-02-02-02-01-20.wav,neutral,20,03-01-02-02-02-01-20,train
D:\projects\aiml\data\ravdess\raw\Actor_20\03-01-02-02-02-02-20.wav,neutral,20,03-01-02-02-02-02-20,train
D:\projects\aiml\data\ravdess\raw\Actor_20\03-01-03-01-01-01-20.wav,joy,20,03-01-03-01-01-01-20,train
D:\projects\aiml\data\ravdess\raw\Actor_20\03-01-03-01-01-02-20.wav,joy,20,03-01-03-01-01-02-20,train
D:\projects\aiml\data\ravdess\raw\Actor_20\03-01-03-01-02-01-20.wav,joy,20,03-01-03-01-02-01-20,train
D:\projects\aiml\data\ravdess\raw\Actor_20\03-01-03-01-02-02-20.wav,joy,20,03-01-03-01-02-02-20,train
D:\projects\aiml\data\ravdess\raw\Actor_20\03-01-03-02-01-01-20.wav,joy,20,03-01-03-02-01-01-20,train
D:\projects\aiml\data\ravdess\raw\Actor_20\03-01-03-02-01-02-20.wav,joy,20,03-01-03-02-01-02-20,train
D:\projects\aiml\data\ravdess\raw\Actor_20\03-01-03-02-02-01-20.wav,joy,20,03-01-03-02-02-01-20,train
D:\projects\aiml\data\ravdess\raw\Actor_20\03-01-03-02-02-02-20.wav,joy,20,03-01-03-02-02-02-20,train
D:\projects\aiml\data\ravdess\raw\Actor_20\03-01-04-01-01-01-20.wav,sadness,20,03-01-04-01-01-01-20,train
D:\projects\aiml\data\ravdess\raw\Actor_20\03-01-04-01-01-02-20.wav,sadness,20,03-01-04-01-01-02-20,train
D:\projects\aiml\data\ravdess\raw\Actor_20\03-01-04-01-02-01-20.wav,sadness,20,03-01-04-01-02-01-20,train
D:\projects\aiml\data\ravdess\raw\Actor_20\03-01-04-01-02-02-20.wav,sadness,20,03-01-04-01-02-02-20,train
D:\projects\aiml\data\ravdess\raw\Actor_20\03-01-04-02-01-01-20.wav,sadness,20,03-01-04-02-01-01-20,train
D:\projects\aiml\data\ravdess\raw\Actor_20\03-01-04-02-01-02-20.wav,sadness,20,03-01-04-02-01-02-20,train
D:\projects\aiml\data\ravdess\raw\Actor_20\03-01-04-02-02-01-20.wav,sadness,20,03-01-04-02-02-01-20,train
D:\projects\aiml\data\ravdess\raw\Actor_20\03-01-04-02-02-02-20.wav,sadness,20,03-01-04-02-02-02-20,train
D:\projects\aiml\data\ravdess\raw\Actor_20\03-01-05-01-01-01-20.wav,anger,20,03-01-05-01-01-01-20,train
D:\projects\aiml\data\ravdess\raw\Actor_20\03-01-05-01-01-02-20.wav,anger,20,03-01-05-01-01-02-20,train
D:\projects\aiml\data\ravdess\raw\Actor_20\03-01-05-01-02-01-20.wav,anger,20,03-01-05-01-02-01-20,train
D:\projects\aiml\data\ravdess\raw\Actor_20\03-01-05-01-02-02-20.wav,anger,20,03-01-05-01-02-02-20,train
D:\projects\aiml\data\ravdess\raw\Actor_20\03-01-05-02-01-01-20.wav,anger,20,03-01-05-02-01-01-20,train
D:\projects\aiml\data\ravdess\raw\Actor_20\03-01-05-02-01-02-20.wav,anger,20,03-01-05-02-01-02-20,train
D:\projects\aiml\data\ravdess\raw\Actor_20\03-01-05-02-02-01-20.wav,anger,20,03-01-05-02-02-01-20,train
D:\projects\aiml\data\ravdess\raw\Actor_20\03-01-05-02-02-02-20.wav,anger,20,03-01-05-02-02-02-20,train
D:\projects\aiml\data\ravdess\raw\Actor_20\03-01-06-01-01-01-20.wav,fear,20,03-01-06-01-01-01-20,train
D:\projects\aiml\data\ravdess\raw\Actor_20\03-01-06-01-01-02-20.wav,fear,20,03-01-06-01-01-02-20,train
D:\projects\aiml\data\ravdess\raw\Actor_20\03-01-06-01-02-01-20.wav,fear,20,03-01-06-01-02-01-20,train
D:\projects\aiml\data\ravdess\raw\Actor_20\03-01-06-01-02-02-20.wav,fear,20,03-01-06-01-02-02-20,train
D:\projects\aiml\data\ravdess\raw\Actor_20\03-01-06-02-01-01-20.wav,fear,20,03-01-06-02-01-01-20,train
D:\projects\aiml\data\ravdess\raw\Actor_20\03-01-06-02-01-02-20.wav,fear,20,03-01-06-02-01-02-20,train
D:\projects\aiml\data\ravdess\raw\Actor_20\03-01-06-02-02-01-20.wav,fear,20,03-01-06-02-02-01-20,train
D:\projects\aiml\data\ravdess\raw\Actor_20\03-01-06-02-02-02-20.wav,fear,20,03-01-06-02-02-02-20,train
D:\projects\aiml\data\ravdess\raw\Actor_20\03-01-07-01-01-01-20.wav,disgust,20,03-01-07-01-01-01-20,train
D:\projects\aiml\data\ravdess\raw\Actor_20\03-01-07-01-01-02-20.wav,disgust,20,03-01-07-01-01-02-20,train
D:\projects\aiml\data\ravdess\raw\Actor_20\03-01-07-01-02-01-20.wav,disgust,20,03-01-07-01-02-01-20,train
D:\projects\aiml\data\ravdess\raw\Actor_20\03-01-07-01-02-02-20.wav,disgust,20,03-01-07-01-02-02-20,train
D:\projects\aiml\data\ravdess\raw\Actor_20\03-01-07-02-01-01-20.wav,disgust,20,03-01-07-02-01-01-20,train
D:\projects\aiml\data\ravdess\raw\Actor_20\03-01-07-02-01-02-20.wav,disgust,20,03-01-07-02-01-02-20,train
D:\projects\aiml\data\ravdess\raw\Actor_20\03-01-07-02-02-01-20.wav,disgust,20,03-01-07-02-02-01-20,train
D:\projects\aiml\data\ravdess\raw\Actor_20\03-01-07-02-02-02-20.wav,disgust,20,03-01-07-02-02-02-20,train
D:\projects\aiml\data\ravdess\raw\Actor_20\03-01-08-01-01-01-20.wav,surprise,20,03-01-08-01-01-01-20,train
D:\projects\aiml\data\ravdess\raw\Actor_20\03-01-08-01-01-02-20.wav,surprise,20,03-01-08-01-01-02-20,train
D:\projects\aiml\data\ravdess\raw\Actor_20\03-01-08-01-02-01-20.wav,surprise,20,03-01-08-01-02-01-20,train
D:\projects\aiml\data\ravdess\raw\Actor_20\03-01-08-01-02-02-20.wav,surprise,20,03-01-08-01-02-02-20,train
D:\projects\aiml\data\ravdess\raw\Actor_20\03-01-08-02-01-01-20.wav,surprise,20,03-01-08-02-01-01-20,train
D:\projects\aiml\data\ravdess\raw\Actor_20\03-01-08-02-01-02-20.wav,surprise,20,03-01-08-02-01-02-20,train
D:\projects\aiml\data\ravdess\raw\Actor_20\03-01-08-02-02-01-20.wav,surprise,20,03-01-08-02-02-01-20,train
D:\projects\aiml\data\ravdess\raw\Actor_20\03-01-08-02-02-02-20.wav,surprise,20,03-01-08-02-02-02-20,train
D:\projects\aiml\data\ravdess\raw\Actor_21\03-01-01-01-01-01-21.wav,neutral,21,03-01-01-01-01-01-21,dev
D:\projects\aiml\data\ravdess\raw\Actor_21\03-01-01-01-01-02-21.wav,neutral,21,03-01-01-01-01-02-21,dev
D:\projects\aiml\data\ravdess\raw\Actor_21\03-01-01-01-02-01-21.wav,neutral,21,03-01-01-01-02-01-21,dev
D:\projects\aiml\data\ravdess\raw\Actor_21\03-01-01-01-02-02-21.wav,neutral,21,03-01-01-01-02-02-21,dev
D:\projects\aiml\data\ravdess\raw\Actor_21\03-01-02-01-01-01-21.wav,neutral,21,03-01-02-01-01-01-21,dev
D:\projects\aiml\data\ravdess\raw\Actor_21\03-01-02-01-01-02-21.wav,neutral,21,03-01-02-01-01-02-21,dev
D:\projects\aiml\data\ravdess\raw\Actor_21\03-01-02-01-02-01-21.wav,neutral,21,03-01-02-01-02-01-21,dev
D:\projects\aiml\data\ravdess\raw\Actor_21\03-01-02-01-02-02-21.wav,neutral,21,03-01-02-01-02-02-21,dev
D:\projects\aiml\data\ravdess\raw\Actor_21\03-01-02-02-01-01-21.wav,neutral,21,03-01-02-02-01-01-21,dev
D:\projects\aiml\data\ravdess\raw\Actor_21\03-01-02-02-01-02-21.wav,neutral,21,03-01-02-02-01-02-21,dev
D:\projects\aiml\data\ravdess\raw\Actor_21\03-01-02-02-02-01-21.wav,neutral,21,03-01-02-02-02-01-21,dev
D:\projects\aiml\data\ravdess\raw\Actor_21\03-01-02-02-02-02-21.wav,neutral,21,03-01-02-02-02-02-21,dev
D:\projects\aiml\data\ravdess\raw\Actor_21\03-01-03-01-01-01-21.wav,joy,21,03-01-03-01-01-01-21,dev
D:\projects\aiml\data\ravdess\raw\Actor_21\03-01-03-01-01-02-21.wav,joy,21,03-01-03-01-01-02-21,dev
D:\projects\aiml\data\ravdess\raw\Actor_21\03-01-03-01-02-01-21.wav,joy,21,03-01-03-01-02-01-21,dev
D:\projects\aiml\data\ravdess\raw\Actor_21\03-01-03-01-02-02-21.wav,joy,21,03-01-03-01-02-02-21,dev
D:\projects\aiml\data\ravdess\raw\Actor_21\03-01-03-02-01-01-21.wav,joy,21,03-01-03-02-01-01-21,dev
D:\projects\aiml\data\ravdess\raw\Actor_21\03-01-03-02-01-02-21.wav,joy,21,03-01-03-02-01-02-21,dev
D:\projects\aiml\data\ravdess\raw\Actor_21\03-01-03-02-02-01-21.wav,joy,21,03-01-03-02-02-01-21,dev
D:\projects\aiml\data\ravdess\raw\Actor_21\03-01-03-02-02-02-21.wav,joy,21,03-01-03-02-02-02-21,dev
D:\projects\aiml\data\ravdess\raw\Actor_21\03-01-04-01-01-01-21.wav,sadness,21,03-01-04-01-01-01-21,dev
D:\projects\aiml\data\ravdess\raw\Actor_21\03-01-04-01-01-02-21.wav,sadness,21,03-01-04-01-01-02-21,dev
D:\projects\aiml\data\ravdess\raw\Actor_21\03-01-04-01-02-01-21.wav,sadness,21,03-01-04-01-02-01-21,dev
D:\projects\aiml\data\ravdess\raw\Actor_21\03-01-04-01-02-02-21.wav,sadness,21,03-01-04-01-02-02-21,dev
D:\projects\aiml\data\ravdess\raw\Actor_21\03-01-04-02-01-01-21.wav,sadness,21,03-01-04-02-01-01-21,dev
D:\projects\aiml\data\ravdess\raw\Actor_21\03-01-04-02-01-02-21.wav,sadness,21,03-01-04-02-01-02-21,dev
D:\projects\aiml\data\ravdess\raw\Actor_21\03-01-04-02-02-01-21.wav,sadness,21,03-01-04-02-02-01-21,dev
D:\projects\aiml\data\ravdess\raw\Actor_21\03-01-04-02-02-02-21.wav,sadness,21,03-01-04-02-02-02-21,dev
D:\projects\aiml\data\ravdess\raw\Actor_21\03-01-05-01-01-01-21.wav,anger,21,03-01-05-01-01-01-21,dev
D:\projects\aiml\data\ravdess\raw\Actor_21\03-01-05-01-01-02-21.wav,anger,21,03-01-05-01-01-02-21,dev
D:\projects\aiml\data\ravdess\raw\Actor_21\03-01-05-01-02-01-21.wav,anger,21,03-01-05-01-02-01-21,dev
D:\projects\aiml\data\ravdess\raw\Actor_21\03-01-05-01-02-02-21.wav,anger,21,03-01-05-01-02-02-21,dev
D:\projects\aiml\data\ravdess\raw\Actor_21\03-01-05-02-01-01-21.wav,anger,21,03-01-05-02-01-01-21,dev
D:\projects\aiml\data\ravdess\raw\Actor_21\03-01-05-02-01-02-21.wav,anger,21,03-01-05-02-01-02-21,dev
D:\projects\aiml\data\ravdess\raw\Actor_21\03-01-05-02-02-01-21.wav,anger,21,03-01-05-02-02-01-21,dev
D:\projects\aiml\data\ravdess\raw\Actor_21\03-01-05-02-02-02-21.wav,anger,21,03-01-05-02-02-02-21,dev
D:\projects\aiml\data\ravdess\raw\Actor_21\03-01-06-01-01-01-21.wav,fear,21,03-01-06-01-01-01-21,dev
D:\projects\aiml\data\ravdess\raw\Actor_21\03-01-06-01-01-02-21.wav,fear,21,03-01-06-01-01-02-21,dev
D:\projects\aiml\data\ravdess\raw\Actor_21\03-01-06-01-02-01-21.wav,fear,21,03-01-06-01-02-01-21,dev
D:\projects\aiml\data\ravdess\raw\Actor_21\03-01-06-01-02-02-21.wav,fear,21,03-01-06-01-02-02-21,dev
D:\projects\aiml\data\ravdess\raw\Actor_21\03-01-06-02-01-01-21.wav,fear,21,03-01-06-02-01-01-21,dev
D:\projects\aiml\data\ravdess\raw\Actor_21\03-01-06-02-01-02-21.wav,fear,21,03-01-06-02-01-02-21,dev
D:\projects\aiml\data\ravdess\raw\Actor_21\03-01-06-02-02-01-21.wav,fear,21,03-01-06-02-02-01-21,dev
D:\projects\aiml\data\ravdess\raw\Actor_21\03-01-06-02-02-02-21.wav,fear,21,03-01-06-02-02-02-21,dev
D:\projects\aiml\data\ravdess\raw\Actor_21\03-01-07-01-01-01-21.wav,disgust,21,03-01-07-01-01-01-21,dev
D:\projects\aiml\data\ravdess\raw\Actor_21\03-01-07-01-01-02-21.wav,disgust,21,03-01-07-01-01-02-21,dev
D:\projects\aiml\data\ravdess\raw\Actor_21\03-01-07-01-02-01-21.wav,disgust,21,03-01-07-01-02-01-21,dev
D:\projects\aiml\data\ravdess\raw\Actor_21\03-01-07-01-02-02-21.wav,disgust,21,03-01-07-01-02-02-21,dev
D:\projects\aiml\data\ravdess\raw\Actor_21\03-01-07-02-01-01-21.wav,disgust,21,03-01-07-02-01-01-21,dev
D:\projects\aiml\data\ravdess\raw\Actor_21\03-01-07-02-01-02-21.wav,disgust,21,03-01-07-02-01-02-21,dev
D:\projects\aiml\data\ravdess\raw\Actor_21\03-01-07-02-02-01-21.wav,disgust,21,03-01-07-02-02-01-21,dev
D:\projects\aiml\data\ravdess\raw\Actor_21\03-01-07-02-02-02-21.wav,disgust,21,03-01-07-02-02-02-21,dev
D:\projects\aiml\data\ravdess\raw\Actor_21\03-01-08-01-01-01-21.wav,surprise,21,03-01-08-01-01-01-21,dev
D:\projects\aiml\data\ravdess\raw\Actor_21\03-01-08-01-01-02-21.wav,surprise,21,03-01-08-01-01-02-21,dev
D:\projects\aiml\data\ravdess\raw\Actor_21\03-01-08-01-02-01-21.wav,surprise,21,03-01-08-01-02-01-21,dev
D:\projects\aiml\data\ravdess\raw\Actor_21\03-01-08-01-02-02-21.wav,surprise,21,03-01-08-01-02-02-21,dev
D:\projects\aiml\data\ravdess\raw\Actor_21\03-01-08-02-01-01-21.wav,surprise,21,03-01-08-02-01-01-21,dev
D:\projects\aiml\data\ravdess\raw\Actor_21\03-01-08-02-01-02-21.wav,surprise,21,03-01-08-02-01-02-21,dev
D:\projects\aiml\data\ravdess\raw\Actor_21\03-01-08-02-02-01-21.wav,surprise,21,03-01-08-02-02-01-21,dev
D:\projects\aiml\data\ravdess\raw\Actor_21\03-01-08-02-02-02-21.wav,surprise,21,03-01-08-02-02-02-21,dev
D:\projects\aiml\data\ravdess\raw\Actor_22\03-01-01-01-01-01-22.wav,neutral,22,03-01-01-01-01-01-22,dev
D:\projects\aiml\data\ravdess\raw\Actor_22\03-01-01-01-01-02-22.wav,neutral,22,03-01-01-01-01-02-22,dev
D:\projects\aiml\data\ravdess\raw\Actor_22\03-01-01-01-02-01-22.wav,neutral,22,03-01-01-01-02-01-22,dev
D:\projects\aiml\data\ravdess\raw\Actor_22\03-01-01-01-02-02-22.wav,neutral,22,03-01-01-01-02-02-22,dev
D:\projects\aiml\data\ravdess\raw\Actor_22\03-01-02-01-01-01-22.wav,neutral,22,03-01-02-01-01-01-22,dev
D:\projects\aiml\data\ravdess\raw\Actor_22\03-01-02-01-01-02-22.wav,neutral,22,03-01-02-01-01-02-22,dev
D:\projects\aiml\data\ravdess\raw\Actor_22\03-01-02-01-02-01-22.wav,neutral,22,03-01-02-01-02-01-22,dev
D:\projects\aiml\data\ravdess\raw\Actor_22\03-01-02-01-02-02-22.wav,neutral,22,03-01-02-01-02-02-22,dev
D:\projects\aiml\data\ravdess\raw\Actor_22\03-01-02-02-01-01-22.wav,neutral,22,03-01-02-02-01-01-22,dev
D:\projects\aiml\data\ravdess\raw\Actor_22\03-01-02-02-01-02-22.wav,neutral,22,03-01-02-02-01-02-22,dev
D:\projects\aiml\data\ravdess\raw\Actor_22\03-01-02-02-02-01-22.wav,neutral,22,03-01-02-02-02-01-22,dev
D:\projects\aiml\data\ravdess\raw\Actor_22\03-01-02-02-02-02-22.wav,neutral,22,03-01-02-02-02-02-22,dev
D:\projects\aiml\data\ravdess\raw\Actor_22\03-01-03-01-01-01-22.wav,joy,22,03-01-03-01-01-01-22,dev
D:\projects\aiml\data\ravdess\raw\Actor_22\03-01-03-01-01-02-22.wav,joy,22,03-01-03-01-01-02-22,dev
D:\projects\aiml\data\ravdess\raw\Actor_22\03-01-03-01-02-01-22.wav,joy,22,03-01-03-01-02-01-22,dev
D:\projects\aiml\data\ravdess\raw\Actor_22\03-01-03-01-02-02-22.wav,joy,22,03-01-03-01-02-02-22,dev
D:\projects\aiml\data\ravdess\raw\Actor_22\03-01-03-02-01-01-22.wav,joy,22,03-01-03-02-01-01-22,dev
D:\projects\aiml\data\ravdess\raw\Actor_22\03-01-03-02-01-02-22.wav,joy,22,03-01-03-02-01-02-22,dev
D:\projects\aiml\data\ravdess\raw\Actor_22\03-01-03-02-02-01-22.wav,joy,22,03-01-03-02-02-01-22,dev
D:\projects\aiml\data\ravdess\raw\Actor_22\03-01-03-02-02-02-22.wav,joy,22,03-01-03-02-02-02-22,dev
D:\projects\aiml\data\ravdess\raw\Actor_22\03-01-04-01-01-01-22.wav,sadness,22,03-01-04-01-01-01-22,dev
D:\projects\aiml\data\ravdess\raw\Actor_22\03-01-04-01-01-02-22.wav,sadness,22,03-01-04-01-01-02-22,dev
D:\projects\aiml\data\ravdess\raw\Actor_22\03-01-04-01-02-01-22.wav,sadness,22,03-01-04-01-02-01-22,dev
D:\projects\aiml\data\ravdess\raw\Actor_22\03-01-04-01-02-02-22.wav,sadness,22,03-01-04-01-02-02-22,dev
D:\projects\aiml\data\ravdess\raw\Actor_22\03-01-04-02-01-01-22.wav,sadness,22,03-01-04-02-01-01-22,dev
D:\projects\aiml\data\ravdess\raw\Actor_22\03-01-04-02-01-02-22.wav,sadness,22,03-01-04-02-01-02-22,dev
D:\projects\aiml\data\ravdess\raw\Actor_22\03-01-04-02-02-01-22.wav,sadness,22,03-01-04-02-02-01-22,dev
D:\projects\aiml\data\ravdess\raw\Actor_22\03-01-04-02-02-02-22.wav,sadness,22,03-01-04-02-02-02-22,dev
D:\projects\aiml\data\ravdess\raw\Actor_22\03-01-05-01-01-01-22.wav,anger,22,03-01-05-01-01-01-22,dev
D:\projects\aiml\data\ravdess\raw\Actor_22\03-01-05-01-01-02-22.wav,anger,22,03-01-05-01-01-02-22,dev
D:\projects\aiml\data\ravdess\raw\Actor_22\03-01-05-01-02-01-22.wav,anger,22,03-01-05-01-02-01-22,dev
D:\projects\aiml\data\ravdess\raw\Actor_22\03-01-05-01-02-02-22.wav,anger,22,03-01-05-01-02-02-22,dev
D:\projects\aiml\data\ravdess\raw\Actor_22\03-01-05-02-01-01-22.wav,anger,22,03-01-05-02-01-01-22,dev
D:\projects\aiml\data\ravdess\raw\Actor_22\03-01-05-02-01-02-22.wav,anger,22,03-01-05-02-01-02-22,dev
D:\projects\aiml\data\ravdess\raw\Actor_22\03-01-05-02-02-01-22.wav,anger,22,03-01-05-02-02-01-22,dev
D:\projects\aiml\data\ravdess\raw\Actor_22\03-01-05-02-02-02-22.wav,anger,22,03-01-05-02-02-02-22,dev
D:\projects\aiml\data\ravdess\raw\Actor_22\03-01-06-01-01-01-22.wav,fear,22,03-01-06-01-01-01-22,dev
D:\projects\aiml\data\ravdess\raw\Actor_22\03-01-06-01-01-02-22.wav,fear,22,03-01-06-01-01-02-22,dev
D:\projects\aiml\data\ravdess\raw\Actor_22\03-01-06-01-02-01-22.wav,fear,22,03-01-06-01-02-01-22,dev
D:\projects\aiml\data\ravdess\raw\Actor_22\03-01-06-01-02-02-22.wav,fear,22,03-01-06-01-02-02-22,dev
D:\projects\aiml\data\ravdess\raw\Actor_22\03-01-06-02-01-01-22.wav,fear,22,03-01-06-02-01-01-22,dev
D:\projects\aiml\data\ravdess\raw\Actor_22\03-01-06-02-01-02-22.wav,fear,22,03-01-06-02-01-02-22,dev
D:\projects\aiml\data\ravdess\raw\Actor_22\03-01-06-02-02-01-22.wav,fear,22,03-01-06-02-02-01-22,dev
D:\projects\aiml\data\ravdess\raw\Actor_22\03-01-06-02-02-02-22.wav,fear,22,03-01-06-02-02-02-22,dev
D:\projects\aiml\data\ravdess\raw\Actor_22\03-01-07-01-01-01-22.wav,disgust,22,03-01-07-01-01-01-22,dev
D:\projects\aiml\data\ravdess\raw\Actor_22\03-01-07-01-01-02-22.wav,disgust,22,03-01-07-01-01-02-22,dev
D:\projects\aiml\data\ravdess\raw\Actor_22\03-01-07-01-02-01-22.wav,disgust,22,03-01-07-01-02-01-22,dev
D:\projects\aiml\data\ravdess\raw\Actor_22\03-01-07-01-02-02-22.wav,disgust,22,03-01-07-01-02-02-22,dev
D:\projects\aiml\data\ravdess\raw\Actor_22\03-01-07-02-01-01-22.wav,disgust,22,03-01-07-02-01-01-22,dev
D:\projects\aiml\data\ravdess\raw\Actor_22\03-01-07-02-01-02-22.wav,disgust,22,03-01-07-02-01-02-22,dev
D:\projects\aiml\data\ravdess\raw\Actor_22\03-01-07-02-02-01-22.wav,disgust,22,03-01-07-02-02-01-22,dev
D:\projects\aiml\data\ravdess\raw\Actor_22\03-01-07-02-02-02-22.wav,disgust,22,03-01-07-02-02-02-22,dev
D:\projects\aiml\data\ravdess\raw\Actor_22\03-01-08-01-01-01-22.wav,surprise,22,03-01-08-01-01-01-22,dev
D:\projects\aiml\data\ravdess\raw\Actor_22\03-01-08-01-01-02-22.wav,surprise,22,03-01-08-01-01-02-22,dev
D:\projects\aiml\data\ravdess\raw\Actor_22\03-01-08-01-02-01-22.wav,surprise,22,03-01-08-01-02-01-22,dev
D:\projects\aiml\data\ravdess\raw\Actor_22\03-01-08-01-02-02-22.wav,surprise,22,03-01-08-01-02-02-22,dev
D:\projects\aiml\data\ravdess\raw\Actor_22\03-01-08-02-01-01-22.wav,surprise,22,03-01-08-02-01-01-22,dev
D:\projects\aiml\data\ravdess\raw\Actor_22\03-01-08-02-01-02-22.wav,surprise,22,03-01-08-02-01-02-22,dev
D:\projects\aiml\data\ravdess\raw\Actor_22\03-01-08-02-02-01-22.wav,surprise,22,03-01-08-02-02-01-22,dev
D:\projects\aiml\data\ravdess\raw\Actor_22\03-01-08-02-02-02-22.wav,surprise,22,03-01-08-02-02-02-22,dev
D:\projects\aiml\data\ravdess\raw\Actor_23\03-01-01-01-01-01-23.wav,neutral,23,03-01-01-01-01-01-23,test
D:\projects\aiml\data\ravdess\raw\Actor_23\03-01-01-01-01-02-23.wav,neutral,23,03-01-01-01-01-02-23,test
D:\projects\aiml\data\ravdess\raw\Actor_23\03-01-01-01-02-01-23.wav,neutral,23,03-01-01-01-02-01-23,test
D:\projects\aiml\data\ravdess\raw\Actor_23\03-01-01-01-02-02-23.wav,neutral,23,03-01-01-01-02-02-23,test
D:\projects\aiml\data\ravdess\raw\Actor_23\03-01-02-01-01-01-23.wav,neutral,23,03-01-02-01-01-01-23,test
D:\projects\aiml\data\ravdess\raw\Actor_23\03-01-02-01-01-02-23.wav,neutral,23,03-01-02-01-01-02-23,test
D:\projects\aiml\data\ravdess\raw\Actor_23\03-01-02-01-02-01-23.wav,neutral,23,03-01-02-01-02-01-23,test
D:\projects\aiml\data\ravdess\raw\Actor_23\03-01-02-01-02-02-23.wav,neutral,23,03-01-02-01-02-02-23,test
D:\projects\aiml\data\ravdess\raw\Actor_23\03-01-02-02-01-01-23.wav,neutral,23,03-01-02-02-01-01-23,test
D:\projects\aiml\data\ravdess\raw\Actor_23\03-01-02-02-01-02-23.wav,neutral,23,03-01-02-02-01-02-23,test
D:\projects\aiml\data\ravdess\raw\Actor_23\03-01-02-02-02-01-23.wav,neutral,23,03-01-02-02-02-01-23,test
D:\projects\aiml\data\ravdess\raw\Actor_23\03-01-02-02-02-02-23.wav,neutral,23,03-01-02-02-02-02-23,test
D:\projects\aiml\data\ravdess\raw\Actor_23\03-01-03-01-01-01-23.wav,joy,23,03-01-03-01-01-01-23,test
D:\projects\aiml\data\ravdess\raw\Actor_23\03-01-03-01-01-02-23.wav,joy,23,03-01-03-01-01-02-23,test
D:\projects\aiml\data\ravdess\raw\Actor_23\03-01-03-01-02-01-23.wav,joy,23,03-01-03-01-02-01-23,test
D:\projects\aiml\data\ravdess\raw\Actor_23\03-01-03-01-02-02-23.wav,joy,23,03-01-03-01-02-02-23,test
D:\projects\aiml\data\ravdess\raw\Actor_23\03-01-03-02-01-01-23.wav,joy,23,03-01-03-02-01-01-23,test
D:\projects\aiml\data\ravdess\raw\Actor_23\03-01-03-02-01-02-23.wav,joy,23,03-01-03-02-01-02-23,test
D:\projects\aiml\data\ravdess\raw\Actor_23\03-01-03-02-02-01-23.wav,joy,23,03-01-03-02-02-01-23,test
D:\projects\aiml\data\ravdess\raw\Actor_23\03-01-03-02-02-02-23.wav,joy,23,03-01-03-02-02-02-23,test
D:\projects\aiml\data\ravdess\raw\Actor_23\03-01-04-01-01-01-23.wav,sadness,23,03-01-04-01-01-01-23,test
D:\projects\aiml\data\ravdess\raw\Actor_23\03-01-04-01-01-02-23.wav,sadness,23,03-01-04-01-01-02-23,test
D:\projects\aiml\data\ravdess\raw\Actor_23\03-01-04-01-02-01-23.wav,sadness,23,03-01-04-01-02-01-23,test
D:\projects\aiml\data\ravdess\raw\Actor_23\03-01-04-01-02-02-23.wav,sadness,23,03-01-04-01-02-02-23,test
D:\projects\aiml\data\ravdess\raw\Actor_23\03-01-04-02-01-01-23.wav,sadness,23,03-01-04-02-01-01-23,test
D:\projects\aiml\data\ravdess\raw\Actor_23\03-01-04-02-01-02-23.wav,sadness,23,03-01-04-02-01-02-23,test
D:\projects\aiml\data\ravdess\raw\Actor_23\03-01-04-02-02-01-23.wav,sadness,23,03-01-04-02-02-01-23,test
D:\projects\aiml\data\ravdess\raw\Actor_23\03-01-04-02-02-02-23.wav,sadness,23,03-01-04-02-02-02-23,test
D:\projects\aiml\data\ravdess\raw\Actor_23\03-01-05-01-01-01-23.wav,anger,23,03-01-05-01-01-01-23,test
D:\projects\aiml\data\ravdess\raw\Actor_23\03-01-05-01-01-02-23.wav,anger,23,03-01-05-01-01-02-23,test
D:\projects\aiml\data\ravdess\raw\Actor_23\03-01-05-01-02-01-23.wav,anger,23,03-01-05-01-02-01-23,test
D:\projects\aiml\data\ravdess\raw\Actor_23\03-01-05-01-02-02-23.wav,anger,23,03-01-05-01-02-02-23,test
D:\projects\aiml\data\ravdess\raw\Actor_23\03-01-05-02-01-01-23.wav,anger,23,03-01-05-02-01-01-23,test
D:\projects\aiml\data\ravdess\raw\Actor_23\03-01-05-02-01-02-23.wav,anger,23,03-01-05-02-01-02-23,test
D:\projects\aiml\data\ravdess\raw\Actor_23\03-01-05-02-02-01-23.wav,anger,23,03-01-05-02-02-01-23,test
D:\projects\aiml\data\ravdess\raw\Actor_23\03-01-05-02-02-02-23.wav,anger,23,03-01-05-02-02-02-23,test
D:\projects\aiml\data\ravdess\raw\Actor_23\03-01-06-01-01-01-23.wav,fear,23,03-01-06-01-01-01-23,test
D:\projects\aiml\data\ravdess\raw\Actor_23\03-01-06-01-01-02-23.wav,fear,23,03-01-06-01-01-02-23,test
D:\projects\aiml\data\ravdess\raw\Actor_23\03-01-06-01-02-01-23.wav,fear,23,03-01-06-01-02-01-23,test
D:\projects\aiml\data\ravdess\raw\Actor_23\03-01-06-01-02-02-23.wav,fear,23,03-01-06-01-02-02-23,test
D:\projects\aiml\data\ravdess\raw\Actor_23\03-01-06-02-01-01-23.wav,fear,23,03-01-06-02-01-01-23,test
D:\projects\aiml\data\ravdess\raw\Actor_23\03-01-06-02-01-02-23.wav,fear,23,03-01-06-02-01-02-23,test
D:\projects\aiml\data\ravdess\raw\Actor_23\03-01-06-02-02-01-23.wav,fear,23,03-01-06-02-02-01-23,test
D:\projects\aiml\data\ravdess\raw\Actor_23\03-01-06-02-02-02-23.wav,fear,23,03-01-06-02-02-02-23,test
D:\projects\aiml\data\ravdess\raw\Actor_23\03-01-07-01-01-01-23.wav,disgust,23,03-01-07-01-01-01-23,test
D:\projects\aiml\data\ravdess\raw\Actor_23\03-01-07-01-01-02-23.wav,disgust,23,03-01-07-01-01-02-23,test
D:\projects\aiml\data\ravdess\raw\Actor_23\03-01-07-01-02-01-23.wav,disgust,23,03-01-07-01-02-01-23,test
D:\projects\aiml\data\ravdess\raw\Actor_23\03-01-07-01-02-02-23.wav,disgust,23,03-01-07-01-02-02-23,test
D:\projects\aiml\data\ravdess\raw\Actor_23\03-01-07-02-01-01-23.wav,disgust,23,03-01-07-02-01-01-23,test
D:\projects\aiml\data\ravdess\raw\Actor_23\03-01-07-02-01-02-23.wav,disgust,23,03-01-07-02-01-02-23,test
D:\projects\aiml\data\ravdess\raw\Actor_23\03-01-07-02-02-01-23.wav,disgust,23,03-01-07-02-02-01-23,test
D:\projects\aiml\data\ravdess\raw\Actor_23\03-01-07-02-02-02-23.wav,disgust,23,03-01-07-02-02-02-23,test
D:\projects\aiml\data\ravdess\raw\Actor_23\03-01-08-01-01-01-23.wav,surprise,23,03-01-08-01-01-01-23,test
D:\projects\aiml\data\ravdess\raw\Actor_23\03-01-08-01-01-02-23.wav,surprise,23,03-01-08-01-01-02-23,test
D:\projects\aiml\data\ravdess\raw\Actor_23\03-01-08-01-02-01-23.wav,surprise,23,03-01-08-01-02-01-23,test
D:\projects\aiml\data\ravdess\raw\Actor_23\03-01-08-01-02-02-23.wav,surprise,23,03-01-08-01-02-02-23,test
D:\projects\aiml\data\ravdess\raw\Actor_23\03-01-08-02-01-01-23.wav,surprise,23,03-01-08-02-01-01-23,test
D:\projects\aiml\data\ravdess\raw\Actor_23\03-01-08-02-01-02-23.wav,surprise,23,03-01-08-02-01-02-23,test
D:\projects\aiml\data\ravdess\raw\Actor_23\03-01-08-02-02-01-23.wav,surprise,23,03-01-08-02-02-01-23,test
D:\projects\aiml\data\ravdess\raw\Actor_23\03-01-08-02-02-02-23.wav,surprise,23,03-01-08-02-02-02-23,test
D:\projects\aiml\data\ravdess\raw\Actor_24\03-01-01-01-01-01-24.wav,neutral,24,03-01-01-01-01-01-24,test
D:\projects\aiml\data\ravdess\raw\Actor_24\03-01-01-01-01-02-24.wav,neutral,24,03-01-01-01-01-02-24,test
D:\projects\aiml\data\ravdess\raw\Actor_24\03-01-01-01-02-01-24.wav,neutral,24,03-01-01-01-02-01-24,test
D:\projects\aiml\data\ravdess\raw\Actor_24\03-01-01-01-02-02-24.wav,neutral,24,03-01-01-01-02-02-24,test
D:\projects\aiml\data\ravdess\raw\Actor_24\03-01-02-01-01-01-24.wav,neutral,24,03-01-02-01-01-01-24,test
D:\projects\aiml\data\ravdess\raw\Actor_24\03-01-02-01-01-02-24.wav,neutral,24,03-01-02-01-01-02-24,test
D:\projects\aiml\data\ravdess\raw\Actor_24\03-01-02-01-02-01-24.wav,neutral,24,03-01-02-01-02-01-24,test
D:\projects\aiml\data\ravdess\raw\Actor_24\03-01-02-01-02-02-24.wav,neutral,24,03-01-02-01-02-02-24,test
D:\projects\aiml\data\ravdess\raw\Actor_24\03-01-02-02-01-01-24.wav,neutral,24,03-01-02-02-01-01-24,test
D:\projects\aiml\data\ravdess\raw\Actor_24\03-01-02-02-01-02-24.wav,neutral,24,03-01-02-02-01-02-24,test
D:\projects\aiml\data\ravdess\raw\Actor_24\03-01-02-02-02-01-24.wav,neutral,24,03-01-02-02-02-01-24,test
D:\projects\aiml\data\ravdess\raw\Actor_24\03-01-02-02-02-02-24.wav,neutral,24,03-01-02-02-02-02-24,test
D:\projects\aiml\data\ravdess\raw\Actor_24\03-01-03-01-01-01-24.wav,joy,24,03-01-03-01-01-01-24,test
D:\projects\aiml\data\ravdess\raw\Actor_24\03-01-03-01-01-02-24.wav,joy,24,03-01-03-01-01-02-24,test
D:\projects\aiml\data\ravdess\raw\Actor_24\03-01-03-01-02-01-24.wav,joy,24,03-01-03-01-02-01-24,test
D:\projects\aiml\data\ravdess\raw\Actor_24\03-01-03-01-02-02-24.wav,joy,24,03-01-03-01-02-02-24,test
D:\projects\aiml\data\ravdess\raw\Actor_24\03-01-03-02-01-01-24.wav,joy,24,03-01-03-02-01-01-24,test
D:\projects\aiml\data\ravdess\raw\Actor_24\03-01-03-02-01-02-24.wav,joy,24,03-01-03-02-01-02-24,test
D:\projects\aiml\data\ravdess\raw\Actor_24\03-01-03-02-02-01-24.wav,joy,24,03-01-03-02-02-01-24,test
D:\projects\aiml\data\ravdess\raw\Actor_24\03-01-03-02-02-02-24.wav,joy,24,03-01-03-02-02-02-24,test
D:\projects\aiml\data\ravdess\raw\Actor_24\03-01-04-01-01-01-24.wav,sadness,24,03-01-04-01-01-01-24,test
D:\projects\aiml\data\ravdess\raw\Actor_24\03-01-04-01-01-02-24.wav,sadness,24,03-01-04-01-01-02-24,test
D:\projects\aiml\data\ravdess\raw\Actor_24\03-01-04-01-02-01-24.wav,sadness,24,03-01-04-01-02-01-24,test
D:\projects\aiml\data\ravdess\raw\Actor_24\03-01-04-01-02-02-24.wav,sadness,24,03-01-04-01-02-02-24,test
D:\projects\aiml\data\ravdess\raw\Actor_24\03-01-04-02-01-01-24.wav,sadness,24,03-01-04-02-01-01-24,test
D:\projects\aiml\data\ravdess\raw\Actor_24\03-01-04-02-01-02-24.wav,sadness,24,03-01-04-02-01-02-24,test
D:\projects\aiml\data\ravdess\raw\Actor_24\03-01-04-02-02-01-24.wav,sadness,24,03-01-04-02-02-01-24,test
D:\projects\aiml\data\ravdess\raw\Actor_24\03-01-04-02-02-02-24.wav,sadness,24,03-01-04-02-02-02-24,test
D:\projects\aiml\data\ravdess\raw\Actor_24\03-01-05-01-01-01-24.wav,anger,24,03-01-05-01-01-01-24,test
D:\projects\aiml\data\ravdess\raw\Actor_24\03-01-05-01-01-02-24.wav,anger,24,03-01-05-01-01-02-24,test
D:\projects\aiml\data\ravdess\raw\Actor_24\03-01-05-01-02-01-24.wav,anger,24,03-01-05-01-02-01-24,test
D:\projects\aiml\data\ravdess\raw\Actor_24\03-01-05-01-02-02-24.wav,anger,24,03-01-05-01-02-02-24,test
D:\projects\aiml\data\ravdess\raw\Actor_24\03-01-05-02-01-01-24.wav,anger,24,03-01-05-02-01-01-24,test
D:\projects\aiml\data\ravdess\raw\Actor_24\03-01-05-02-01-02-24.wav,anger,24,03-01-05-02-01-02-24,test
D:\projects\aiml\data\ravdess\raw\Actor_24\03-01-05-02-02-01-24.wav,anger,24,03-01-05-02-02-01-24,test
D:\projects\aiml\data\ravdess\raw\Actor_24\03-01-05-02-02-02-24.wav,anger,24,03-01-05-02-02-02-24,test
D:\projects\aiml\data\ravdess\raw\Actor_24\03-01-06-01-01-01-24.wav,fear,24,03-01-06-01-01-01-24,test
D:\projects\aiml\data\ravdess\raw\Actor_24\03-01-06-01-01-02-24.wav,fear,24,03-01-06-01-01-02-24,test
D:\projects\aiml\data\ravdess\raw\Actor_24\03-01-06-01-02-01-24.wav,fear,24,03-01-06-01-02-01-24,test
D:\projects\aiml\data\ravdess\raw\Actor_24\03-01-06-01-02-02-24.wav,fear,24,03-01-06-01-02-02-24,test
D:\projects\aiml\data\ravdess\raw\Actor_24\03-01-06-02-01-01-24.wav,fear,24,03-01-06-02-01-01-24,test
D:\projects\aiml\data\ravdess\raw\Actor_24\03-01-06-02-01-02-24.wav,fear,24,03-01-06-02-01-02-24,test
D:\projects\aiml\data\ravdess\raw\Actor_24\03-01-06-02-02-01-24.wav,fear,24,03-01-06-02-02-01-24,test
D:\projects\aiml\data\ravdess\raw\Actor_24\03-01-06-02-02-02-24.wav,fear,24,03-01-06-02-02-02-24,test
D:\projects\aiml\data\ravdess\raw\Actor_24\03-01-07-01-01-01-24.wav,disgust,24,03-01-07-01-01-01-24,test
D:\projects\aiml\data\ravdess\raw\Actor_24\03-01-07-01-01-02-24.wav,disgust,24,03-01-07-01-01-02-24,test
D:\projects\aiml\data\ravdess\raw\Actor_24\03-01-07-01-02-01-24.wav,disgust,24,03-01-07-01-02-01-24,test
D:\projects\aiml\data\ravdess\raw\Actor_24\03-01-07-01-02-02-24.wav,disgust,24,03-01-07-01-02-02-24,test
D:\projects\aiml\data\ravdess\raw\Actor_24\03-01-07-02-01-01-24.wav,disgust,24,03-01-07-02-01-01-24,test
D:\projects\aiml\data\ravdess\raw\Actor_24\03-01-07-02-01-02-24.wav,disgust,24,03-01-07-02-01-02-24,test
D:\projects\aiml\data\ravdess\raw\Actor_24\03-01-07-02-02-01-24.wav,disgust,24,03-01-07-02-02-01-24,test
D:\projects\aiml\data\ravdess\raw\Actor_24\03-01-07-02-02-02-24.wav,disgust,24,03-01-07-02-02-02-24,test
D:\projects\aiml\data\ravdess\raw\Actor_24\03-01-08-01-01-01-24.wav,surprise,24,03-01-08-01-01-01-24,test
D:\projects\aiml\data\ravdess\raw\Actor_24\03-01-08-01-01-02-24.wav,surprise,24,03-01-08-01-01-02-24,test
D:\projects\aiml\data\ravdess\raw\Actor_24\03-01-08-01-02-01-24.wav,surprise,24,03-01-08-01-02-01-24,test
D:\projects\aiml\data\ravdess\raw\Actor_24\03-01-08-01-02-02-24.wav,surprise,24,03-01-08-01-02-02-24,test
D:\projects\aiml\data\ravdess\raw\Actor_24\03-01-08-02-01-01-24.wav,surprise,24,03-01-08-02-01-01-24,test
D:\projects\aiml\data\ravdess\raw\Actor_24\03-01-08-02-01-02-24.wav,surprise,24,03-01-08-02-01-02-24,test
D:\projects\aiml\data\ravdess\raw\Actor_24\03-01-08-02-02-01-24.wav,surprise,24,03-01-08-02-02-01-24,test
D:\projects\aiml\data\ravdess\raw\Actor_24\03-01-08-02-02-02-24.wav,surprise,24,03-01-08-02-02-02-24,test
